Pyruvate, ,Lactate 1, ,Lactate 2, ,Alanine, ,Glycine, ,BHB, ,Valine, ,Leucine, ,Isoleucine, ,Succinate 1, ,Succinate 2, ,Succinate 3, ,Succinate 4, ,Proline, ,Fumarate 1, ,Fumarate 2, ,Fumarate 3, ,Methionine, ,Serine, ,a-Kg 1, ,a-Kg 2, ,a-Kg 3, ,Threonine, ,Phenylalanine, ,Malate 1, ,Malate 2, ,Aspartate, ,Glutamate, ,Lysine, ,Histidine, ,Citrate 1, ,Citrate 2, ,Citrate 3, ,Tyrosine, ,
174.1,177.1,261.1,262.1,263.1,264.1,260.1,264.1,246.1,249.1,275.1,0,288.1,294.1,302.1,309.1,302.1,309.1,289.1,291.1,291.1,292.1,293.1,294.1,295.1,0,286.1,292.1,287.1,288.1,289.1,290.1,291.1,0,320.2,326.2,390.3,394.3,346.2,347.2,348.2,349.2,350.2,0,404.3,409.3,336.2,346.2,419.3,420.3,421.3,422.3,418.3,423.3,432.3,438.3,431.3,439.3,440.3,449.3,459.3,460.3,461.3,462.3,463.3,0,466.3,476.3,
38326,1255834,140421,31615,15199,312507,46761,428224,245371,434888,39348,0,19032,341684,54374,399411,20127,361735,36342,8602,8538,26415,652553,156613,69315,0,5264,251961,16924,17781,858323,209632,100475,0,17955,374782,56756,626720,3532,1134,1225,4569,14306,0,15775,291418,13573,403138,1729,1580,6366,13314,12109,173696,12453,613349,7102,81731,27836,557179,8494,4097,7042,39458,16212,0,9589,366704,
342971,1044973,129831,29573,14576,363509,19748,409585,68871,390293,5866,0,7654,319143,23362,381962,9984,349365,78360,20601,20583,33301,833643,198811,89376,0,2534,194169,183249,68805,1320402,323316,157360,0,10373,355388,26014,563358,8176,2432,3473,21912,115775,0,5907,268645,5588,384495,201253,77431,91671,254995,1658,243203,8511,474365,2727,76874,4475,407521,9167,3940,3904,54882,21463,0,3213,295079,
114600,508855,79903,18068,8591,166864,7822,168787,16693,166318,5842,0,3407,140817,10789,166102,4477,151608,33610,8739,8724,14856,371225,87517,38765,0,983,77186,59122,23797,536361,130132,62830,0,4867,156749,11798,240242,2657,890,1482,7662,32802,0,2651,116135,2680,169547,44955,17818,26845,74357,237,88843,1898,189545,1375,33276,1443,118292,3271,1389,1375,14738,5869,0,1633,138552,
29682,916106,99626,22431,10867,231466,33511,303560,271097,314490,12932,0,12590,245073,35394,287088,13384,262215,47975,9604,9572,22698,501653,119407,52615,0,4239,157056,16135,15447,609111,148635,72248,0,10971,265416,32682,443513,2468,841,941,3261,10265,0,9481,216832,8155,288937,1697,1806,6664,14629,2145,115037,9502,439286,3773,48635,16176,359771,8830,4679,7888,39350,16017,0,6306,259651,
377687,1217249,163110,37217,17875,394997,14859,439968,68148,423277,4245,0,6169,354709,19124,418699,7905,384764,96717,22496,22496,37496,933290,223414,99666,0,1802,201563,228050,83168,1386168,341081,164287,0,9873,397449,20596,619105,6626,2055,4059,24997,121947,0,4887,324967,4141,424686,302489,116430,141198,363640,803,264362,3552,506390,1991,87116,3705,432053,9741,4249,4965,78554,30370,0,2546,327350,
207691,616382,84359,19178,9276,198920,8507,194965,2234908,225153,5080,0,3712,169874,12388,200971,4680,183500,65687,14586,14586,20038,449603,107219,47839,0,1088,83797,57873,22617,352437,85827,43154,0,5144,180627,12588,287846,3142,1049,2068,10782,40363,0,2871,152820,2654,207640,83874,33352,40121,98229,528,115007,2645,258487,1216,35970,2236,207460,5999,2644,2455,21529,8756,0,1578,167407,
37387,1596237,162404,36646,17655,395801,30567,550800,232301,559701,5345,0,11347,428348,35494,509045,13716,462598,53067,11452,11452,35552,929649,224144,99983,0,5187,317364,18292,29715,1856923,456642,216183,0,14951,495267,38873,800191,2976,1090,1557,7750,33636,0,8777,341469,8304,518745,1350,1766,6157,29481,6322,237522,18450,822960,4619,98673,16283,693343,8478,5181,13055,78445,30605,0,5716,445014,
90549,581023,80096,17994,8717,180539,5129,163962,67077,177791,6332,0,2557,152025,8536,179513,3754,162448,33359,7283,7283,15454,403195,95582,42551,0,905,78211,47156,21266,665148,161114,76336,0,4050,157598,8547,257321,1429,561,857,5042,32789,0,1842,122243,2182,182355,10842,4788,8820,24544,301,88235,2531,222915,652,24392,642,87729,1221,570,662,5856,2430,0,1267,140149,
143359,1036679,138240,31205,15033,332378,11361,356243,267519,386202,15038,0,4766,293119,17839,345372,7747,314942,78392,14236,14236,29750,776028,185857,82374,0,1465,165126,88942,42706,1347533,329788,157233,0,8999,330017,15462,509474,3564,1235,1777,15384,128544,0,3212,217598,4546,350043,80980,31913,60550,217549,870,230217,5733,450721,2246,79917,2850,370978,7698,3201,3023,32443,12965,0,2417,271236,
40508,1158643,91357,20700,10452,284246,35223,387254,52994,435987,16204,0,14385,308808,38831,359958,16006,330222,98583,20652,20652,35602,612104,145686,65061,0,3834,209954,19828,26184,974336,239184,118003,0,15314,338128,44359,571224,1173,494,615,1752,5655,0,11789,260704,11004,365562,891,1614,4254,12098,4100,125856,32036,488322,4742,68162,6901,136013,3804,2251,5294,31072,12492,0,7805,307761,
235572,1011552,79411,18052,9446,324953,13251,359932,48121,385899,2305,0,4576,280691,13357,328653,5410,302884,103193,22114,22090,35807,727155,173075,80327,0,1321,155732,28187,29638,1312896,321279,153685,0,7090,306745,17880,495723,1263,546,967,4868,22929,0,3348,220685,3058,319288,8990,6184,24692,132537,469,138198,2671,314884,1186,55662,20,0,694,363,503,7501,2936,0,1657,222506,
18646,81690,7335,1649,741,6488,12,8,0,0,2405,0,163,109,1,0,0,0,439,86,86,114,1276,327,167,0,149,114,1055,346,3296,784,437,0,0,0,929,0,81,62,98,51,97,0,63,0,69,4515,98,0,27,27,100,0,6,1,12,2,34,54,372,256,363,112,992,0,27,0,
44140,1406022,141990,32045,15687,354855,52093,469557,589494,485612,18386,0,18062,363306,54865,422325,19543,387935,52622,15475,15368,35234,673124,161760,72243,0,5306,245923,23242,24345,1125407,275794,133060,0,17540,408782,60370,681929,224,333,308,0,14999,0,15029,330346,12345,432167,1266,1840,5581,11390,16315,192068,14807,664130,6138,79671,234,0,1378,719,913,575,623,0,8795,375053,
8170,36885,2594,593,291,5147,3,2,0,0,795,0,0,0,2,0,0,0,162,0,155,246,1215,472,333,0,0,0,830,362,4438,1077,608,0,0,0,109,0,40,140,61,92,45,0,76,0,39,83,56,86,38,37,78,0,8,0,6,3,25,32,226,118,176,70,87,0,9,16,
217564,1099809,126032,28695,14127,357356,17974,384176,58330,392357,5658,0,7073,306677,27116,363375,10588,335186,117219,28800,857,0,833105,199141,88351,0,1627,163216,143638,61889,1357960,333631,161625,0,11379,339566,27385,547544,118,103,182,0,51219,0,89,0,5934,354268,105719,42633,64363,177164,1231,196482,3231,420517,2250,63632,35,0,286,132,330,0,8364,0,3426,290219,
58771,1222459,115605,26218,12921,311664,61709,435774,72889,477996,13216,0,27145,330793,64022,387047,32316,355972,60141,15948,827,0,676428,162862,71869,0,5536,214444,29371,30748,1000336,246567,121862,0,22384,359686,76511,617094,96,231,204,59,10277,0,22306,284101,19204,390150,1354,2015,4902,12492,6313,161298,60787,571870,11369,86498,258,0,849,590,713,443,11310,0,14341,344842,
14608,117908,3334,766,374,7527,3,6,0,0,1107,0,2,0,1,0,0,0,1138,250,529,467,2265,628,317,0,248,222,962,531,6620,1609,928,0,0,0,21,30,59,60,35,51,108,0,41,94,54,51,118,50,26,37,1,1,1,1,40,5,86,99,174,112,141,91,130,0,11,12,
64181,321178,53196,12048,5739,102792,3713,80499,5981,73474,1265,0,2093,79777,5577,90701,2438,83880,13925,4949,246,0,214500,50804,22504,0,37,9445,7158,7097,303635,73584,35521,0,2444,79096,6383,129274,68,55,77,108,7271,0,78,0,1391,93593,2027,1586,7347,27459,145,32162,853,77411,3286,0,25,0,51,43,54,155,84,0,813,66811,
1507,46323,692,151,6959,2025,7,10,0,0,1339,0,1,0,1,0,0,0,734,111,247,991,880,238,134,0,22823,102,998,571,5704,1430,1685,0,0,0,38,37,88,212,136,72,64,0,65,53,336,0,47,29,39,40,286,2,33,2,6682,3,50,644,621,597,569,369,539,0,27,0,
199573,1220271,136282,30853,9155,0,14025,415517,231241,458337,2915,0,5311,330651,18882,391856,8120,359114,134263,28479,708,0,893168,213816,95588,0,174,0,143240,62444,1390392,342464,164842,0,10267,368358,20573,582670,108,46,60,0,55829,0,79,0,4399,387023,67601,28295,61801,132389,686,202782,2868,458923,10028,0,47,0,283,106,169,0,270,0,2450,303159,
52187,269317,52299,11851,5068,0,30,0,1572,1283,2093,0,1,35,2,41,0,0,13805,3783,748,325,238699,56661,25511,0,0,0,13590,5766,138011,33442,16572,0,0,0,23,25,142,92,49,49,2969,0,95,60,28,78,8065,3014,5677,14281,4,2,6,0,2655,1,27,48,292,187,371,175,246,0,15,43,
22972,830896,71158,16090,5780,0,25649,267671,117197,304386,15374,0,9608,216622,32923,251213,9893,231105,41874,10065,128,0,480054,114368,51152,0,2433,140872,16874,18550,717072,174483,84728,0,10383,229332,32849,391918,120,227,151,38,7345,0,8307,172940,7515,248353,1139,1264,3934,11387,1754,93296,25552,361613,62872,0,65,0,470,360,417,0,923,0,5422,221227,
19295,93561,9217,2077,812,0,613,14397,12487,14063,196,0,311,15413,741,15316,301,14397,3651,1093,69,88,48695,11647,5515,0,70,6512,1331,1237,54569,13258,6350,0,276,10968,733,19214,105,69,94,90,1350,0,85,11451,187,15770,358,297,1226,4670,1,3906,90,8516,934,0,18,83,90,41,104,87,151,0,106,8353,
291240,1668063,145432,33121,11336,0,22791,591482,27698,577849,2771,0,8657,462312,25129,549644,10236,504245,65925,19194,780,0,1196426,288445,128905,0,3555,277144,40207,45688,2254229,555725,264238,0,13586,512979,38147,830177,78,82,67,0,90493,0,7192,400619,6679,536208,12512,8193,39243,198852,1408,313291,8793,647366,8775,0,58,0,120,55,170,0,6809,0,3608,402469,
3188,71515,1239,280,10075,2903,7,10,0,0,637,0,6,0,2,0,0,0,1423,217,135,824,1073,203,74,0,56809,152,2035,1104,5991,1480,3049,0,0,0,46,72,146,383,359,116,168,0,109,59,137,1426,36,30,41,28,979,0,79,2,10038,2,85,1948,1041,522,752,409,502,0,10,21,
375936,1355146,104156,23492,9619,0,15795,445465,35395,381655,16626,0,6621,377341,23409,451872,8809,412637,82484,15130,14094,32042,926011,220838,99477,0,3140,328395,144067,60330,2051700,502675,235985,0,11322,409517,19414,622264,146,319,186,197,118928,0,118,0,6017,429107,49565,17906,18618,84913,2439,192964,8703,478492,23486,0,30,0,737,229,314,297,336,0,2746,284034,
237787,1293020,105851,23895,9120,0,20224,453792,151037,512157,12850,0,7795,352940,26399,423448,11767,387195,140187,24847,24847,38363,912786,218993,97025,0,2963,218211,90979,49512,2007516,490771,229870,0,12987,406487,25198,655878,93,279,67,0,127500,0,98,0,7509,430505,8213,3699,3885,19966,4357,233108,15658,575627,41191,0,37,0,515,340,350,338,308,0,3875,320463,
3795,77028,1103,259,8820,2547,3,3,0,0,2684,0,1,0,1,0,0,0,920,210,210,281,1457,317,147,0,64376,214,2382,1379,8305,2081,3875,0,0,0,23,37,135,123,234,175,118,0,43,42,356,1293,46,79,15,63,2,2,31,1,2295,2,50,508,712,471,469,266,361,0,21,0,
6288,32167,375,87,4893,1419,2,5,0,0,258,0,6,1,1,0,0,0,186,0,125,155,476,197,102,0,69,47,312,153,1574,392,254,0,0,0,48,18,38,105,63,91,59,0,49,38,33,67,52,107,60,49,2,1,3,1,141,2,56,37,161,110,208,133,193,0,26,6,
105349,545269,54552,12420,4908,0,8852,192953,14016,174808,1981,0,3808,156931,12025,180997,4961,167324,24603,7884,104,0,379841,89844,40299,0,885,71426,12864,13837,610895,148635,72278,0,4915,147664,12497,247206,69,228,160,106,5426,0,64,0,2844,165915,82,27,4315,18545,299,45164,2398,121799,2877,0,41,27,286,205,233,100,192,0,1163,95563,
35055,1276999,116454,26360,9227,0,37516,468867,259667,545412,20121,0,12634,368252,40847,432324,14840,392148,54049,14833,1143,0,615009,147449,64905,0,4591,251466,58771,36710,951046,233486,119443,0,14225,396471,39447,661767,173,304,262,121,2714,0,9094,289103,8848,423797,10916,5107,8986,17876,1327,135405,9463,543450,169447,0,256,0,868,551,584,418,180,0,6006,353911,
33904,360460,30777,7008,3026,0,3779,91400,31577,98193,449,0,1850,94750,5285,107632,2375,99165,19602,4597,223,0,235644,55915,24693,0,521,42946,31478,14473,358144,86660,42946,0,2392,87558,5753,150480,87,38,67,35,4164,0,1420,77338,1349,105647,6221,2738,4338,13167,27,0,1487,74791,3091,0,30,38,95,84,155,87,106,0,701,69353,
234308,1062809,109586,24831,10316,0,16411,443089,34201,451266,2494,0,6345,355300,21679,418890,9982,385422,78595,22566,1639,0,874058,208874,94393,0,1950,200058,212248,84616,1498652,367941,181995,0,11027,396777,23184,604177,71,265,44,0,25198,0,5182,282145,5466,409531,112247,43452,66608,152855,747,0,4083,438206,24841,0,55,0,380,287,395,291,2649,0,3038,322855,
2940,56611,973,229,8222,2394,3,2,0,0,2258,0,2,3,4,0,0,0,493,137,220,0,1068,239,167,0,37003,124,1750,972,6602,1689,3233,0,0,0,22,30,110,193,245,98,36,0,88,34,266,739,45,28,120,50,69,35,21,3,4074,1,71,270,802,579,538,339,423,0,21,20,
88619,544276,108841,24582,5376,0,9163,198207,140914,201378,2208,0,3640,174817,11108,200879,4602,185834,39054,12503,627,0,460723,109803,48397,0,1252,95711,20067,19558,693058,168655,84043,0,5258,179567,13477,280322,71,167,155,85,9430,0,100,0,2922,202045,54,0,10363,45556,43,519,1717,189944,4059,0,26,0,59,93,57,46,116,0,1539,143984,
91805,454394,76011,17130,3660,0,10951,133448,17648,125407,1632,0,5102,125324,12325,141592,6191,130499,25475,8232,312,0,340769,80761,35856,0,2117,66662,12830,12531,532603,129600,62670,0,3997,122329,11304,197320,113,78,72,54,5086,0,193,0,3342,142871,29,49,3002,12935,86,0,2829,104362,3488,0,25,26,237,132,163,114,56,0,1461,86614,
39278,1232285,108658,24537,8583,0,39912,448272,214388,504718,17047,0,15624,353638,41374,414595,18584,377755,74307,16835,502,0,614028,146538,65233,0,4988,234163,29640,28223,1020765,250763,124721,0,15961,383796,46081,636532,81,250,228,126,2493,0,11182,282459,10565,409501,87,104,5928,15477,8736,907,11590,509646,179982,0,41,0,1132,627,821,466,504,0,7353,328254,
264749,1329021,127931,28988,11051,0,16723,499339,264300,487874,4152,0,6988,407002,22751,478508,9953,440774,83958,26241,1485,0,1012219,242636,108801,0,2061,218828,203590,88533,1746321,430182,212213,0,11741,446230,24334,689656,102,142,121,0,26907,0,5873,364494,5433,472852,129856,50704,68518,204579,685,0,4224,519885,13707,0,23,0,710,311,435,237,329,0,3283,372219,
436241,802317,105443,23784,6196,0,9380,288045,33138,281995,5122,0,3592,240085,11430,284396,4456,260861,83982,22041,920,0,597224,142330,64040,0,993,122512,263356,84097,937401,227171,111929,0,6872,268602,16532,413142,74,200,73,74,19787,0,3209,215708,2766,280277,347287,126639,122136,251613,745,0,1894,285800,20781,0,34,0,357,280,255,0,14408,0,1804,218778,
39228,1177051,108982,24637,9274,0,50954,435900,409742,518177,20367,0,17526,340052,61657,400281,20786,363574,56364,15409,1610,0,690513,165123,72153,0,4762,238937,37153,33900,1035912,253783,130843,0,20858,368967,60609,622675,142,221,236,58,7623,0,15351,274070,17038,395313,8590,4736,10487,25728,279,0,52182,571954,152288,0,280,0,595,431,590,0,12966,0,10359,336883,
273034,1161786,161666,36662,10135,0,28544,470933,875975,504185,5070,0,10375,374999,39662,446390,15018,410000,62051,23200,1966,0,940925,225132,101130,0,3385,226169,46779,43137,1397755,342943,174706,0,15463,418805,41470,644953,98,64,151,0,32226,0,9232,327459,9989,444555,12243,8191,32310,114381,267,0,6851,545588,15817,0,360,0,144,191,162,0,4295,0,5605,347582,
160113,1072842,140300,31768,8652,0,25468,406554,150726,420514,2936,0,10238,337207,36935,400198,13614,367195,55874,19353,1404,0,856534,205327,90925,0,2583,197873,38944,38171,1413546,346359,170498,0,14807,373141,39714,585512,70,72,98,0,26127,0,9345,303141,9748,396532,9203,6579,23602,91792,229,0,7063,452506,13665,0,161,0,208,153,90,0,2553,0,5313,305695,
36326,990947,99901,22565,7735,0,39338,302888,57323,338941,16393,0,21471,262189,51485,303068,26132,275761,58091,14878,403,0,499810,120302,53286,0,4331,180437,16168,20958,935357,228860,111307,0,18468,292203,55608,428386,236,302,221,143,2594,0,17196,201395,15425,306280,395,677,1481,4574,6710,0,18273,360877,137247,0,42,0,947,599,913,578,4224,0,10631,250341,
294568,1028557,135861,30576,9769,0,14240,412856,62762,437560,4048,0,7319,336817,20644,390000,9227,362037,132580,30960,782,0,849847,203483,94047,0,1756,183156,206664,78948,1620162,397487,191095,0,9872,368122,19348,564433,84,47,96,76,24171,0,4445,248074,4991,375457,174351,64292,69510,217323,452,0,3677,363485,7732,0,21,0,401,296,305,242,3688,0,3018,269482,
27562,151881,3625,818,11230,3294,5,3,0,0,2533,0,2,0,5,119,0,0,1482,369,581,413,2482,687,323,0,103,0,1282,698,7490,1814,1054,0,0,0,55,44,62,53,55,41,36,0,46,0,38,280,70,27,0,0,252,57,43,1,1594,2,41,91,418,277,312,266,276,0,22,7,
1586,0,290474,65596,16408,0,60665,854370,576867,1058722,21706,0,18608,671444,58707,802521,20494,731206,111914,36524,6148,0,1501635,364037,161811,0,5612,517618,52513,93748,2287990,569182,319171,0,24684,798173,67260,1289584,329,446,329,217,21027,0,14139,528274,13088,786839,8941,9573,47738,149783,1955,0,77710,1204195,525479,0,64,0,1563,951,1155,0,705,0,10017,641563,
429575,1849380,178237,40585,14427,0,27592,709390,171621,769124,5580,0,10043,568179,27505,675920,11212,624752,113928,32158,7609,1863,1399646,338247,151758,0,5165,384251,85597,87941,2429422,603154,329852,0,16010,667303,39750,984140,263,74,159,0,67501,0,6761,419983,7074,684135,33873,18988,69629,392731,82,0,22095,894944,12363,0,47,0,516,383,429,349,209,0,4115,534892,
371064,2100396,246376,55762,16045,0,42556,794372,977287,954778,16874,0,13043,633736,31684,758363,14995,701120,153332,43257,7662,1916,1547265,374293,164948,0,7242,494714,80550,96477,2795794,694829,376652,0,18477,759322,48794,1109681,290,293,245,112,39769,0,6951,402765,8989,781799,24222,14808,66276,345542,127,0,22784,930112,29623,0,51,0,644,457,543,196,448,0,5045,611326,
62301,2091002,227422,51531,15404,0,75143,794880,808111,1035743,13791,0,26769,626860,79879,746082,29835,677785,139431,39028,6703,0,1433079,348433,153750,0,6451,471218,73714,86907,2202283,548094,333757,0,29829,742980,85486,1230325,380,419,294,179,31233,0,17572,451387,20684,749435,12696,10511,43940,150460,971,0,141271,1173547,469820,0,667,0,1454,837,1060,0,753,0,13979,603627,
322879,1775023,138546,31647,15265,0,22807,690592,415464,759227,3233,0,8853,560360,22702,660000,9522,612133,110840,32669,6683,0,1375425,332386,147292,0,3447,344945,67152,86350,2473812,615735,340944,0,14764,654210,29531,947167,289,73,242,0,50143,0,5232,410015,5554,681830,19237,13143,61201,346680,60,0,16906,864912,9642,0,383,0,474,154,358,0,124,0,3526,523716,
299150,1926970,220560,50121,16005,0,39366,783546,283281,826894,5165,0,13599,622629,36191,741030,14480,685860,121847,39317,5201,0,1489191,362293,160262,0,5179,388324,63458,87775,2470737,614240,336434,0,19991,735103,43264,1081547,219,85,228,84,38811,0,9311,513128,8986,753885,15563,11626,56700,300694,80,0,25819,942013,25190,0,351,0,598,407,522,382,133,0,5353,587789,
45216,2251062,239072,54200,17392,0,67207,900591,234581,1124162,22186,0,26971,708375,85725,845013,28016,766813,179711,53071,1515,0,1130363,274399,118797,0,11084,528318,36861,56970,2221632,548127,283543,0,31139,847810,111700,1380964,519,616,447,199,4753,0,20081,522836,19692,870079,1421,1339,2891,7994,97,0,80377,1107993,561100,0,235,0,552,792,205,0,8361,0,11999,660453,
384538,2447652,251700,57386,19279,0,26289,676173,669062,641841,4310,0,9281,594551,24666,658652,10456,648787,124611,32942,3679,0,1706560,410593,181405,0,3376,262975,54685,72825,3699258,917841,485818,0,16258,696427,32095,1054902,335,345,188,147,49786,0,7236,566951,6617,699548,11433,6646,36991,245662,143,0,18243,814663,24210,0,218,8964,368,66,114,111,596,0,3491,508473,
358053,2247902,236336,53319,16279,0,36335,833040,315797,1093751,4475,0,13929,667316,36668,797290,15349,729618,201150,60365,3333,0,1530416,370129,161622,0,6356,422540,74547,80300,3218608,798906,409700,0,21450,801424,64384,1188907,365,141,78,70,11177,0,6533,344173,10385,817461,3790,2449,6936,32217,122,0,16251,899989,46473,0,223,0,752,150,168,62,208,0,5485,616271,
55327,1929905,218054,49496,24295,657276,82545,803730,9735817,858861,37875,0,21732,628283,78962,755951,25930,686153,108439,25947,25905,75252,1572402,380134,181281,0,3301,495005,99126,110909,2068597,515395,307023,0,29032,757678,78195,1263743,6500,2045,2318,24013,344320,0,23345,600984,18878,775853,62992,36372,185790,1024713,23593,786972,156966,1344453,12585,184301,44980,931822,120495,50299,50826,776010,303515,0,14026,631845,
114613,626544,40859,9425,5245,214238,5969,216080,82811,222345,1354,0,1817,175646,8817,204534,2177,189273,19600,7278,7264,21969,475363,113876,50751,0,153,95373,32819,34404,747403,182443,103229,0,4739,198003,7218,337821,894,383,483,2439,37016,0,1936,182629,1715,220454,10274,5843,20146,156600,657,112106,5524,225018,563,31674,476,14673,3175,1599,1942,41063,15815,0,1476,170384,
370750,1855800,140603,32327,17034,618948,29041,726692,145735,698587,6636,0,8422,559037,41762,669058,10154,619251,61617,22177,22149,74647,1468130,354500,157226,0,716,0,100441,110360,2340464,582181,325770,0,19199,674522,34377,1059377,2519,929,1751,17413,206772,0,9002,569767,7804,695485,45860,27110,94211,621778,3289,498199,26987,1015694,4912,192478,2799,0,19104,9080,12426,209687,82832,0,5581,576005,
72057,2057567,110736,25413,14493,726533,49511,879820,144377,939877,19151,0,13500,688666,53397,820709,15187,744910,82501,31085,31010,111019,1629120,394754,177097,0,1651,523690,137549,141514,3032178,757993,407411,0,22898,806335,47615,1348320,2608,956,1593,14277,162206,0,14080,673234,10935,829750,59974,31882,139264,737731,9122,715666,81325,1291050,525738,0,1561,0,129188,51473,45122,599514,228491,0,8313,666493,
347688,2016324,135492,30918,16844,678096,20318,777772,66554,812328,2268,0,5071,604762,31121,718900,7473,664835,90597,31663,31647,106146,1585082,383483,171229,0,1011,331954,463701,217623,2596758,647149,364026,0,16775,719270,24664,1171218,1669,667,1464,10049,123698,0,5866,612132,4892,727846,397078,153329,155511,625365,5030,520203,14910,1042589,11173,0,1166,0,18020,7523,7640,132812,51814,0,3621,600116,
361542,2434053,136414,31282,17727,841320,28537,984544,161184,996446,4230,0,7673,759468,42761,904491,10972,832463,133551,44945,44909,137231,1996647,488342,218418,0,900,416941,548012,272790,3289101,822565,455095,0,22820,921134,37866,1463193,3660,1404,2555,16514,205197,0,8840,789103,7171,935529,495694,198739,214323,863856,7385,715717,23656,1409820,37535,0,1898,0,31852,13063,13158,211864,82661,0,5012,776012,
68109,2193910,133458,30552,16790,762391,89578,891150,273168,881840,35285,0,32278,710201,91343,841398,35705,768456,54944,22107,22090,89611,1646805,396156,178819,0,4562,489803,95656,111249,2634298,656425,351942,0,33478,776998,96823,1349960,3455,1194,1472,13029,182671,0,35738,762389,24536,804396,47075,26647,132662,786313,25100,644720,158967,1170592,575780,0,1893,0,96165,39838,42289,707449,269578,0,14569,568525,
382207,1864805,346000,78215,36533,646848,38730,688438,3190935,760219,12662,0,6333,552585,26257,655543,6934,607008,142566,31739,31739,77118,1568588,378967,170785,0,2580,269788,114459,115051,2005558,499232,305409,0,15562,681107,28283,1094369,2546,948,1625,15315,249539,0,6536,555831,4974,708774,74898,39561,133323,907133,4831,602271,30979,1173422,19223,0,3577,0,21788,10088,14280,307911,118989,0,4313,585373,
540015,2447292,215877,49525,25818,910497,55130,1028041,261787,983500,8536,0,20729,819891,64395,971994,20821,899432,77771,34030,33998,122394,2178962,526021,239546,0,3306,490027,128589,148949,3246691,811703,441655,0,31624,1006551,64244,1569078,2803,1236,2156,17518,283237,0,20441,878632,15628,1020224,73603,42811,133148,954519,7158,738658,43572,1515417,30899,0,2739,0,27189,12458,16107,323218,126609,0,9777,838717,
96143,2404429,233110,52754,26399,848483,80905,1039148,326152,1140740,29926,0,23480,807430,80957,964600,26205,873749,99354,42013,41866,174801,1876067,458506,202879,0,3793,590617,165816,189270,3295126,826876,450142,0,30960,973491,69849,1625115,2358,943,2319,16407,138858,0,22313,808861,18027,980475,71682,40214,167998,874123,18097,913529,134500,1612816,647415,0,1736,0,115480,47074,45853,636324,243735,0,13483,800015,
9615,39633,7735,1794,848,27938,2,0,0,0,414,0,1,10,1,0,0,0,866,204,204,223,3103,758,497,0,0,0,546,343,1606,420,429,0,0,0,53,41,56,49,46,39,129,0,38,37,33,224,52,0,102,70,3,0,3,1,5214,1,49,45,238,110,211,195,53,0,26,37,
329904,1619865,87446,20177,11606,552008,21790,602353,103103,625159,2321,0,6674,483448,31009,575019,8752,529291,120034,35808,35787,89475,1299439,313219,140462,0,1408,264367,355537,175277,2200763,548603,301168,0,16280,589294,27827,931436,49,292,70,145,72253,0,7247,514146,91,0,282072,113217,120279,450081,4505,396586,15614,820067,27066,0,95,0,538,355,484,0,412,0,4160,508678,
41597,2166921,120396,27535,15198,722865,54045,859250,307536,888764,32116,0,19584,681040,81012,805127,24633,735176,48223,21805,21777,93853,1584212,383219,172631,0,2788,488527,127837,126251,3051690,761763,399854,0,28942,761852,84784,1305733,82,390,311,0,192024,0,26449,697338,20184,779891,67265,30945,126194,759791,17642,668788,97859,1187806,735974,0,1868,0,1123,785,878,0,285564,0,11893,576125,
438019,1900662,147751,33899,17954,695965,32666,814919,170578,837840,3531,0,6558,660045,26261,786256,8496,719392,166953,35643,35629,89239,1759893,425209,195350,0,2299,435001,163270,146302,3245750,810968,445478,0,17904,775721,39741,1263512,1206,721,290,0,230666,0,7414,659432,6778,811035,91504,42779,134882,864969,5258,651455,16880,1239601,18062,0,2465,0,15527,7053,11513,236804,92064,0,5103,646752,
505368,2746061,193968,44250,23958,984004,48853,1181270,152765,1142619,3831,0,13453,910258,66230,1086697,17523,1001182,77872,37131,37131,146460,2289250,556835,252573,0,2812,543178,166971,168778,3668868,915042,488522,0,32615,1076518,65965,1742878,279,133,315,0,251378,0,19345,984675,16963,1098686,94127,50015,141153,967929,8286,838939,37779,1651581,47432,0,2189,0,32380,14374,17301,347607,135996,0,10238,920061,
37835,2070116,176989,40171,20563,753683,56294,905655,87613,1045070,15292,0,14224,708118,69115,844573,18473,769509,138566,51953,51899,181134,1613981,392349,172385,0,2306,549518,84131,143628,3751473,935999,475621,0,28886,859424,61613,1436852,132,463,378,0,119422,0,17436,658791,15986,869895,21536,13822,94407,649959,15199,762521,86607,1369773,981303,0,477,0,58113,25091,35830,672367,256337,0,9065,649409,
255260,1592058,91484,20941,12447,665906,21776,789998,46730,868675,1193,0,5267,605833,29223,724669,9225,664870,132730,46806,46781,143109,1697094,411689,182633,0,1175,348955,380800,193950,3018376,748953,399238,0,15282,619915,29590,1197413,76,282,50,0,72774,0,6733,578865,7153,752660,249885,97821,115255,528203,3808,539502,14364,1063676,32769,0,521,52687,6837,2950,3540,68398,26847,0,4571,592788,
21916,125319,21028,4796,2308,54921,2042,45617,19011,41440,135,0,484,38211,2540,42731,578,39998,8948,2769,2744,3781,63610,15031,6797,0,76,3857,6784,3604,81702,19767,10129,0,872,30453,2313,57348,62,104,106,160,197,0,630,37573,507,35999,2024,768,796,3537,37,2516,233,5416,8832,0,0,0,311,199,222,247,45,0,129,10135,
1254,0,108823,24783,13445,563387,44888,710438,106587,761047,16570,0,13032,564805,44471,675294,14942,613125,45791,15263,15189,55225,1321029,318677,140748,0,133,55225,69798,71585,2292745,569229,293106,0,18322,636697,45972,1096269,6568,2019,226,0,370130,0,10256,421125,9533,676734,41644,25344,123464,769259,13424,648001,98400,1113994,509784,0,27046,706235,128026,51129,1032,0,273024,0,7405,530633,
433143,2019754,140219,32312,17232,665551,30338,813745,213962,828037,4089,0,6275,643106,44866,773268,7045,709186,80257,22112,22112,69463,1625074,391881,174540,0,687,69463,117602,96633,2592072,644943,338590,0,19732,777261,32008,1229176,4952,1637,50,0,418980,0,6200,599506,6223,789113,79247,36975,120823,857675,5667,687090,26043,1292904,8741,0,5864,836629,47468,21206,406,0,193044,0,4608,650108,
505291,1808442,168829,38492,19399,591886,22608,724207,686251,759996,6814,0,5387,573536,29356,684452,6339,626997,66957,20218,20200,60668,1440636,346166,154473,0,85,60668,94809,83446,2281381,565939,296516,0,15698,682149,21152,1075120,3843,1268,68,0,345365,0,4712,475341,4660,694856,71962,31586,95192,730520,3558,573277,20435,1097329,17443,0,4272,657707,43543,18764,408,0,161819,0,3688,566488,
50479,1724698,127757,29016,15322,602941,58902,769871,76063,816903,18460,0,18140,602263,75411,719223,22322,655995,44043,16430,16398,65099,1416490,341252,150073,0,190,65099,98193,91101,2544771,632050,330104,0,23934,671030,64563,1157296,5678,1774,273,0,252934,0,15983,486844,14501,706464,66237,32943,140026,759066,10408,613011,96139,1103662,626891,0,28891,575388,106613,43057,1194,0,242672,0,10283,545868,
268230,1805368,253720,57516,27641,602977,24182,732876,2539414,840505,3035,0,6164,579718,37942,696807,9696,636779,80802,22705,22691,68117,1444331,346824,154931,0,112,68117,311879,146785,2227889,549812,303925,0,17536,693978,28806,1084962,7337,2175,89,0,252033,0,5654,488405,5639,722920,362277,135438,140139,739423,8277,573857,17797,1085007,9309,0,3234,448149,33116,13604,491,0,113472,0,4282,562926,
304037,2153640,151466,34789,18730,741744,32851,878010,107905,833490,2356,0,9690,700510,55942,830980,13600,764510,81628,27111,27082,78973,1742939,419998,188259,0,337,78973,318231,159935,2989671,748208,391644,0,23181,789402,39021,1270665,3715,1582,127,0,247072,0,10174,667032,9108,810115,381626,150532,171605,784392,6178,593968,22621,1140306,25249,0,3702,400793,41539,17171,453,0,113262,0,5588,620904,
53057,1962961,160846,36515,18840,663520,84438,805277,127536,766114,48738,0,28871,640712,93859,760185,31413,694285,46010,16157,16104,61819,1444247,346765,153091,0,193,61819,66224,72559,2376133,587511,299160,0,32094,666915,88309,1194109,5987,1868,398,0,317084,0,30821,632792,22308,696538,44462,27741,137141,800166,23318,570919,133432,932749,810724,0,15968,324609,98257,40391,797,0,278406,0,10503,389900,
32088,1815268,204130,47198,24147,602298,35636,699615,3570619,723288,7361,0,10323,561260,45634,666503,11037,612586,73675,22026,22026,60371,1414075,340057,153141,0,99,60371,83617,79837,1888533,468347,253886,0,19957,660333,36206,1004435,5344,2480,114,0,355753,0,8705,468493,8954,681057,54141,28646,97231,761546,5002,553606,43893,1071109,17522,0,8498,715374,19382,11016,490,0,147708,0,6366,528856,
707895,1749916,226645,51628,25156,626338,55386,751566,5725946,789083,13245,0,15031,595446,63695,713596,15607,648693,95346,25957,25957,69307,1517132,367110,165117,0,146,69307,124379,93887,1825398,451617,253330,0,24581,730201,50528,1159166,5282,2429,161,0,380288,0,12579,513813,11047,749306,130818,54784,131696,866011,9181,677774,58675,1256056,31409,0,12804,807739,53193,22806,634,0,182234,0,7434,580640,
46630,1730345,102567,23432,12905,598068,59292,763361,81332,884750,16943,0,16957,599755,64424,718349,19287,653231,52108,19397,19329,68586,1396274,336802,148160,0,117,68586,102726,100512,2692171,671057,351728,0,23457,659334,57260,1148363,3901,1296,190,0,262925,0,12280,390704,13739,708671,72127,39706,143337,766574,14795,642021,99962,1132062,867111,0,23483,555444,118059,47566,1119,0,267742,0,10361,552122,
262880,2118452,129562,29868,16406,704262,29018,841689,1008932,836233,2789,0,6907,661875,41127,788691,9175,725830,78134,23976,23976,69478,1662607,401120,179098,0,193,69478,259451,132422,2760266,687926,357280,0,19002,741299,28747,1210182,3177,1148,233,0,250784,0,7052,613301,5793,762398,350178,134857,154234,796518,8711,606166,19562,1148110,10893,0,2868,376397,26587,11368,368,0,111424,0,4318,591793,
445562,2013601,224801,51353,25393,687645,48247,841779,2471028,925675,5111,0,9123,653252,51339,778051,11791,716072,141256,35322,35295,86707,1647722,399597,178354,0,100,86707,343746,169082,2191906,545960,307624,0,22944,791295,43949,1261122,4424,1505,209,0,300727,0,9664,614624,8747,834887,579996,224031,217519,904210,9019,707213,26845,1335979,21891,0,5644,572236,54421,22714,559,0,143237,0,5744,636996,
39687,1618980,142595,32318,16500,554578,28331,679520,183501,767633,19521,0,8472,540725,41011,643182,9902,583267,36117,14516,14422,55205,1254791,303130,134198,0,187,0,75809,78300,2482172,615524,318607,0,15867,583105,36980,1024194,2781,999,290,0,306136,0,6864,336201,8543,622646,41597,21062,109369,711790,8899,591937,50590,991969,823114,0,13271,496476,71637,30099,34827,688187,266512,0,5901,472496,
1580879,2306046,176171,40160,20875,731581,41522,875464,850817,913252,7719,0,11278,683763,54320,789885,10902,736954,62115,23544,23508,73045,1748358,423784,192339,0,151,0,186458,119519,3167898,785959,405630,0,22497,801913,48863,1309003,3331,1254,233,0,339180,0,11088,511794,11175,819791,214819,84039,148850,983867,2876,656587,16292,1326002,14661,0,7418,793952,44789,19607,26873,555785,214334,0,6715,670243,
382437,1325442,134392,30655,16282,615034,18782,764284,2618841,870520,6498,0,5081,601773,27855,719816,6942,661698,67324,22549,22531,75408,1702709,410808,181660,0,251,0,120718,92062,2245649,555053,301700,0,12585,557039,22507,1124809,1825,980,266,0,300369,0,3774,386307,5377,725636,104555,41717,96312,795102,2759,611633,14180,1144643,25584,0,3462,592308,36405,15306,19154,390408,149093,0,3726,549990,
57110,1771686,250400,56451,26691,608607,71797,656388,5482585,875114,18664,0,25297,551747,82006,650007,31194,591786,117901,33044,33019,78156,1374686,330432,147691,0,219,0,73034,95668,2539112,632502,337255,0,30174,650800,89375,1106791,3571,1230,313,0,236351,0,22275,412910,21700,684686,27529,16238,108543,696316,24093,627750,114114,1088136,983241,0,1320,0,77390,33200,41246,697424,264943,0,12949,468520,
576528,2025933,220561,50067,24930,690461,35423,815918,1398128,905779,3609,0,7815,644857,43291,763551,9648,706789,98897,28222,28211,81269,1647109,396726,177547,0,80,81269,435854,191720,2705860,670877,364387,0,20058,776659,28440,1187900,2131,850,96,0,285231,0,6835,489284,7231,798546,669170,246407,214531,853419,6600,604860,26869,1230169,16989,0,3779,448473,30987,13278,16478,306430,116620,0,5439,621873,
370626,2059791,291073,65976,31661,726378,45674,891020,118549,934983,1608,0,16222,703776,75636,843916,21038,773694,119255,36901,36862,94461,1761301,424209,190527,0,147,94461,346818,177493,3178942,792963,419458,0,30284,841689,57220,1317295,2484,1133,126,0,226267,0,14534,570977,16119,867241,461872,174618,182928,782041,8135,642239,28031,1265080,36019,0,5074,344142,31450,13530,15906,274326,104521,0,10063,690738,
106267,1951420,167684,38022,19394,653114,102419,754843,231637,700773,23685,0,30390,600999,129312,711242,33152,648036,59696,16297,16266,56060,1360644,326216,149711,0,473,56060,64850,57263,1760389,433431,219112,0,36311,609786,98238,1088499,7729,2346,357,0,253315,0,37921,641621,27128,629655,61929,33826,129631,711698,26257,498384,110115,846309,767191,0,19336,313051,50677,21206,25450,454397,173658,0,12404,354502,
251862,1699262,103799,23857,13302,601604,39945,715289,770815,694050,3537,0,11602,571047,56947,685017,12566,627761,52509,19709,19699,65674,1456425,350046,163080,0,156,65674,86189,77752,1863603,460734,241263,0,21436,672396,48678,1042898,6634,2019,102,0,310540,0,12767,591653,9818,681830,48841,26536,93202,730427,5448,554265,25866,1054811,14045,0,10531,753504,34835,14594,17580,342581,130876,0,6709,578641,
965256,2422692,218265,49970,25165,785404,82446,922245,2788336,899820,23158,0,24431,725020,107543,868577,27566,790132,84663,28868,28868,89410,1826063,442463,197132,0,2995,89410,103336,90925,1839827,456887,245368,0,37550,869965,89867,1375156,14956,5026,616,0,411960,0,28716,792956,20123,877939,130306,59240,140319,980814,6816,724125,44255,1344128,27436,0,25631,1101887,70736,29858,30062,524619,203475,0,11939,725677,
78866,1549064,159593,36316,18069,536219,59571,635548,1103053,693008,13982,0,16609,498573,62600,591871,18254,537789,67941,17998,17941,54304,1197339,288152,128361,0,158,54304,69163,62823,1628246,403507,213275,0,23414,569468,56888,978415,4945,1577,1874,19377,276416,0,16013,461671,15538,592461,59179,32853,126087,671143,18143,562890,94442,958937,515541,0,30804,590419,64345,26852,30723,512596,195533,0,11008,459089,
938877,2116954,177438,40577,20839,696737,32741,811118,583111,766710,6607,0,8091,637659,47656,756384,9074,694665,78325,25569,25544,71397,1629535,394367,175338,0,275,71397,113220,84239,2169773,536045,279484,0,19207,732937,34042,1172748,5533,1854,3178,23668,332926,0,9073,637217,6640,748806,119294,50969,121584,815879,4025,602521,18692,1137892,15975,0,5727,642805,29236,12555,16278,342287,131570,0,4998,612715,
101332,217778,47041,10662,4911,74566,4139,81863,175183,79563,1043,0,1178,66045,5389,76172,1267,71306,8120,2525,2507,6001,139892,33185,14901,0,133,0,6129,4729,111729,27274,14746,0,1944,65674,4392,114521,505,0,432,1200,10400,0,1044,56583,960,74392,6461,2659,6752,44752,200,29256,1095,52087,6872,0,32,46,1662,711,738,13771,5504,0,679,50449,
1288,0,180230,40830,20529,665031,50526,796268,710986,867846,16992,0,12260,621441,74327,743252,15680,674498,88190,26469,26387,72890,1502898,361329,160785,0,231,0,73354,86330,2851356,711621,365353,0,26799,743942,63224,1256645,4192,1411,2012,24363,392742,0,15367,562853,15960,760360,26829,15738,116762,834969,14375,766414,94841,1283379,860282,0,154,0,78224,33092,43706,778238,306121,0,9566,581072,
397192,2091856,161263,36720,19366,717790,36905,825722,885464,742851,4872,0,8252,666854,49978,793274,11383,731895,54395,22594,22594,65455,1681868,404213,187815,0,172,0,72286,71779,2796021,693311,385419,0,21642,748602,41305,1186153,2040,838,2007,19031,321361,0,11471,674225,10255,778313,51014,22925,96278,803387,3077,559371,16357,1111681,16950,0,64,0,24966,11057,15686,361735,139124,0,5738,571506,
437040,2088271,168976,38519,20113,727369,43883,873234,291569,872056,3690,0,11034,686378,80811,821282,15539,750756,81861,27800,27783,80504,1751901,424216,191762,0,144,0,109417,95170,2668505,662149,340874,0,31546,828085,58489,1305624,4117,1550,2237,25456,427608,0,13512,643944,17307,837494,71158,32364,104719,861433,5841,708652,32231,1310196,23889,0,1947,0,44869,18660,21355,428241,164252,0,9969,678021,
78405,1804626,135704,30803,16082,610268,119277,750903,83038,780908,11818,0,32220,588040,122675,707074,40799,638703,59132,17449,17371,58065,1426689,344759,150232,0,4662,446011,70744,70456,2280896,565307,285655,0,40894,690177,112173,1167812,6343,2008,2680,27388,416483,0,25439,446660,32113,714179,58043,30489,160842,848675,45108,694598,96814,1165857,17747,168537,43002,744253,27126,15170,36547,756686,288951,0,19675,576139,
228938,2026973,160491,36795,19455,713503,28510,829759,30324,817725,3015,0,9283,664346,42346,797292,14203,730434,46673,19401,19372,72362,1707828,411364,184994,0,875,334565,75589,84605,2606713,647657,331689,0,21820,787067,37115,1215637,5216,1721,3346,30858,510796,0,8892,592675,9184,799704,48026,32346,115540,902855,4839,698946,26873,1265517,4628,204802,9837,991269,30576,14967,28161,624219,238797,0,6695,678886,
437917,2107151,215350,49131,24503,706045,46940,830233,41573,814086,6810,0,14381,655997,65898,783441,19860,720610,66646,22798,22755,73367,1720643,415082,185463,0,1109,327676,91562,88501,2656667,659048,334182,0,27466,785663,53604,1238560,6410,2040,3230,32009,476072,0,13537,592192,14059,804617,69781,36028,140870,912462,4864,675884,47906,1286068,7924,223859,17552,956546,64105,27666,32275,607471,237959,0,9536,680602,
414,0,23015,5288,2924,120641,6553,107702,7931,116076,3432,0,2473,108781,10967,124889,2762,115408,9675,3155,3141,9928,239193,56603,25473,0,206,73661,6874,7933,292020,70793,36076,0,3410,108606,8091,194353,608,313,380,1768,20458,0,1798,71024,1965,126728,4710,2635,17349,96714,893,77812,10992,138412,150296,0,837,19879,12327,5131,5317,81486,31694,0,1468,96453,
296205,1748076,110032,25316,13958,602204,20444,670601,51208,697062,3873,0,5115,551890,31956,655355,6919,603028,64969,22138,22120,67874,1437255,345569,154128,0,511,306307,59245,64227,2010990,496432,257734,0,15441,645649,21506,1012311,2427,925,1867,17394,263018,0,4549,435679,4716,666130,40409,21830,102164,680801,2197,503135,14676,972715,6892,0,2834,403332,21969,10257,14736,317440,124106,0,3672,556013,
200868,1438468,84884,19616,11009,506532,21655,593285,23023,585328,3876,0,5881,466948,31658,557812,8129,512300,57027,19749,19727,62272,1191725,286877,126653,0,715,245340,48691,55336,1483624,364782,190535,0,14513,540487,23811,847674,2038,811,1951,14201,204697,0,6150,418604,5517,562009,30885,18821,75279,534697,2191,406009,14588,793924,14352,0,4221,330543,26461,12290,14773,267275,104607,0,3873,475177,
70665,1734391,107795,24654,13353,592385,82032,715457,78810,778271,12336,0,20414,564135,102059,675838,24596,612932,52321,17664,17561,59446,1349701,325978,147172,0,2835,417333,70700,71726,2240431,555479,284284,0,33767,648360,83761,1107478,6048,1862,2792,24519,337398,0,16056,374701,22189,668648,60837,35208,161921,760265,24801,620115,120919,1072747,697755,0,33808,656376,105106,43946,48374,699288,268582,0,14185,524949,
301560,2229786,121954,28270,16077,760284,30489,879894,37970,862675,3471,0,8518,697180,47082,833574,9102,765228,67168,25362,25309,82080,1841738,447191,199455,0,941,327982,114945,105747,2785741,691653,357563,0,22043,842274,30220,1323568,8464,2599,4263,34208,527399,0,8231,684565,7184,847187,77026,46863,143139,984691,5824,744741,33497,1391798,17294,0,9390,1103907,31579,15173,27157,600208,230736,0,5540,710562,
378495,2042122,325082,73914,34583,640331,33403,729396,29285,638013,8454,0,11154,595403,43690,704431,16236,660571,63885,35410,35400,76774,1558959,377437,168016,0,1913,379297,61922,63367,1831690,452641,238388,0,21872,697539,38158,998361,9366,3407,10821,60805,139903,0,7912,429168,10585,736445,45459,24138,122513,639330,1823,396640,20022,957894,54727,0,10884,787844,46350,22350,28752,386769,152770,0,7243,647508,
40378,1760665,142217,32407,16710,602583,35743,743294,49909,831597,10046,0,9127,583739,56132,697596,11074,633504,72104,21744,21588,66235,1414602,341242,148754,0,1450,450457,62899,64670,2260491,559595,283767,0,18678,678251,40096,1149412,6522,2006,2416,23983,320856,0,6808,374879,8412,695688,48437,25783,149107,794717,5191,660484,60886,1128883,803016,0,24256,683468,113027,46294,45484,613599,239031,0,6960,552028,
333643,2046911,92514,21284,12845,715478,18980,857682,29811,844626,2860,0,5308,674606,36445,806783,8544,739033,73452,25846,25825,83048,1707537,415613,185416,0,767,377638,78124,74763,2235083,552757,281633,0,18261,795657,26106,1237689,4873,1583,2613,23224,326793,0,5368,579392,5592,816913,52310,28091,112544,830344,1925,632061,12237,1171638,9422,0,3546,588025,24750,11074,16929,383952,147809,0,3910,667168,
352711,1582662,347404,78374,36135,544535,17271,624718,45066,659105,3073,0,4977,503409,23033,598361,7758,552764,85049,25571,25532,65264,1329581,319559,142092,0,1591,302551,57848,55248,1672159,411844,214010,0,13181,585026,35394,926084,1585,662,1415,15734,237993,0,3687,376347,4903,618346,41871,19993,91837,599522,3532,456497,13177,896975,17148,0,4646,337339,28672,12565,13921,265656,103198,0,3995,506173,
52345,1864155,149497,33908,17490,630278,56719,760277,64339,823951,17178,0,17002,601529,68399,716295,18912,649580,51100,17612,17541,62191,1456624,352426,159437,0,2055,428844,55771,70231,2744532,681202,342077,0,25692,689581,62360,1163774,4918,1564,2560,29683,419430,0,12964,400288,16775,719737,34259,18816,140804,837338,16690,699774,98460,1172781,697798,0,31548,763835,82908,36679,45830,723862,278738,0,11338,571011,
498295,2233810,128543,29474,16506,749966,33646,869346,33242,840664,6137,0,8207,682841,51662,809542,10578,746126,57889,22719,22694,81588,1740501,422240,189048,0,1046,336562,90552,90251,2663366,659560,333681,0,22791,801498,35400,1275794,2849,1065,2719,26114,396378,0,9166,641613,8776,819593,76373,37123,140839,892742,3678,668837,25965,1284218,12283,0,7649,823725,44342,19347,25366,480995,187063,0,6552,674205,
525247,1997240,115260,26552,14719,656905,31055,773367,36862,763868,8129,0,9361,615371,48231,728324,10945,671941,81288,25418,25390,74266,1627022,392115,174191,0,679,289982,102436,89648,2574452,636600,326497,0,21435,748517,36332,1168828,2603,1204,2489,28028,428085,0,9188,558730,9061,752689,87904,40836,136950,862888,3831,625439,27695,1222632,20728,0,9627,783156,64344,27036,27700,470097,183063,0,6591,638548,
54856,2051150,126165,28502,14980,664979,56146,779813,63372,752369,18045,0,11410,619963,61403,734405,14169,671293,152071,40377,40309,73612,1455704,348761,166401,0,1626,541706,59831,63150,2850368,706959,387783,0,20741,662311,43923,1171182,2335,958,2026,23689,305010,0,14684,617206,10321,687645,23726,11651,101783,761219,10882,586697,55773,890830,1182836,0,3165,111149,114679,46832,49891,761662,290581,0,3531,277289,
15287,574438,46576,10640,5492,194074,15260,220981,17061,203520,4896,0,3303,182612,17796,213631,4315,199009,36473,9870,9841,18940,375713,89444,39557,0,461,157833,11629,13774,584356,141883,70661,0,5691,182016,12376,344082,465,0,431,2407,29136,0,4416,184929,3131,205493,4849,2330,20610,155903,2661,136752,14272,232693,290396,0,838,23909,23844,9737,10055,160907,61242,0,1581,125756,
141794,1641244,131981,29927,15860,585306,17550,683245,25163,773961,563,0,4185,545650,27638,654705,8653,596023,100763,29201,29183,70637,1439404,346801,155042,0,893,292831,217474,110290,2794205,693866,351215,0,15664,651079,22083,1025285,1771,774,1842,16921,288122,0,3655,377966,6021,658447,237955,91422,122235,696086,3431,564985,12415,1009906,12991,0,2528,377228,35603,14904,17494,315164,120096,0,4090,541447,
462499,1867127,113587,25904,14264,640313,29079,743018,27397,819964,1478,0,6291,590175,39983,701172,11616,644466,144519,37867,37846,85099,1546570,373170,164662,0,613,346341,340767,137037,2488697,614828,309506,0,19103,694921,27367,1102734,1853,814,1761,18792,298847,0,5538,413117,8340,708516,601640,219322,182979,755710,5221,581218,22107,1110359,62658,0,4400,496742,57602,23650,25557,460367,175985,0,5686,615723,
56720,1659663,249677,56506,27031,589663,47993,656017,63517,686485,8942,0,15898,549503,59786,648587,18135,592552,42564,14019,13990,51373,1341299,322362,144295,0,2053,360337,49034,57555,2232097,552907,271813,0,21378,607678,54184,1043032,8365,2535,3099,27691,380000,0,14259,482777,13501,645341,39321,24584,144695,776768,11865,612649,96911,1019944,420115,0,28174,603695,90653,37866,44368,717653,275587,0,9186,500709,
210345,1740833,186558,42376,21275,601670,26958,714041,32413,684572,2580,0,7360,565721,39122,680599,8904,622287,49514,19504,19451,57076,1467008,354550,158269,0,994,285380,64028,66999,2253415,558502,280220,0,17547,652631,31812,1020385,7552,2331,4212,30751,486166,0,6779,482359,6898,662250,41015,24583,100759,769648,4007,569759,21770,1048149,9069,0,7932,858623,45259,21610,29195,579375,225590,0,4759,551251,
415288,2452471,186410,42772,21733,673897,35510,808807,875100,713384,6330,0,9062,663136,31771,794804,10752,731501,74518,50517,50481,77432,1630126,392708,174565,0,1567,381855,64505,72400,2297622,569347,287237,0,18417,775850,34424,1105629,9845,3418,10070,54824,157355,0,7152,562614,6665,797597,52305,28105,178940,738266,1446,428396,18962,1080389,17658,0,10941,1021379,58367,29445,32605,507786,204071,0,4679,641873,
23562,687060,103567,23475,11311,255296,17736,255483,468722,302103,2251,0,4853,221660,20837,255387,5196,233445,22155,6892,6856,21862,550184,131186,58543,0,769,150905,23924,24366,840852,206079,103598,0,8086,237906,19441,417461,2228,769,1070,8977,112443,0,3669,149358,4323,267402,22596,12116,56722,292681,3689,227825,27204,393237,327849,0,7443,156206,51306,20901,20370,278475,106270,0,3448,219543,
791667,1932825,113111,25959,14177,592206,25668,681709,29178,675390,4578,0,7423,534268,34349,604608,9062,571810,50799,18998,18988,54213,1397535,337529,150692,0,593,330968,72757,59051,1717169,423115,215178,0,14861,583257,37900,965261,8736,2649,3569,25924,202146,0,6297,370060,5652,596087,78814,35693,137153,728144,1374,448859,9523,779492,16861,0,6009,688671,40217,18350,23967,539750,208175,0,4192,531463,
516892,1994042,207341,47132,23450,655827,32904,762635,2429889,797646,8641,0,6669,601553,38375,714222,8290,657241,83830,24315,24269,63976,1569063,379522,169397,0,1561,357847,66570,64914,1931569,476404,244023,0,17005,692951,33260,1075653,7338,2380,4105,42337,486817,0,6093,455532,5773,710675,57930,27902,132885,852041,3116,566550,19936,1105179,16037,0,6219,831477,46046,20716,27070,577519,223885,0,4018,565570,
74947,2074388,149004,34038,18164,702649,84241,800448,85554,687194,26851,0,32095,653932,102671,773662,35947,709595,51902,17482,17430,57254,1597773,383307,173296,0,4350,517760,58230,65788,2698218,654339,329511,0,30718,647638,95580,1170562,11771,3392,3148,29114,457505,0,36234,714913,22729,683885,49371,27402,187887,929549,16595,592298,125415,955843,372184,0,20447,330504,150781,60724,56268,787023,303679,0,10497,365790,
137235,1692772,72386,16892,10251,565911,26891,656129,27960,635090,1680,0,9032,525394,34600,628633,9979,577416,51517,17298,17269,54427,1380977,334220,148583,0,1089,271667,71336,67984,2143510,528745,265995,0,16646,604837,27114,956507,4347,1455,2889,25366,448208,0,7177,478012,6303,617876,45067,24779,95052,716946,6550,551635,33564,986516,10427,0,8256,725986,35920,16263,24401,529917,203238,0,5341,515141,
966768,2199537,169787,39079,20293,739696,43884,905114,48851,866602,9009,0,15327,715871,48441,852535,16594,783391,75970,22525,22465,76283,1816839,439343,195339,0,1906,427430,102012,88959,2719624,675517,332489,0,23730,841017,55222,1345509,6704,2546,4089,46324,514302,0,14037,658231,10414,851065,144695,59989,160737,991223,6182,708529,45779,1341540,16461,0,19938,1060436,74245,32362,38396,747424,289540,0,8180,718435,
93957,2200156,134875,30819,16928,764378,87903,947056,90887,980835,10230,0,22952,746097,97149,885034,27800,807359,53109,18164,18082,70532,1740275,421739,185484,0,2254,582638,83892,81557,3008713,748286,368865,0,32050,813588,80643,1405636,13306,3831,4237,37219,511661,0,16684,511222,20811,836824,69810,36977,189569,998471,13558,772560,119084,1283551,1079411,0,33327,659257,167120,67275,64021,866422,333200,0,12633,584922,
163822,1616567,118135,27148,14494,563480,18165,643056,801541,671943,3163,0,5370,518209,27281,618790,7231,564961,50984,19014,19014,55228,1355256,325882,145108,0,544,260004,53261,60088,2005556,494820,251138,0,14131,596993,24666,935865,3389,1165,2440,25560,379330,0,4695,437736,4560,607228,31165,19326,97273,683715,3183,513520,19497,940665,17160,0,4743,596981,37096,16785,22319,447528,173823,0,3911,510510,
339726,1503184,136608,31195,16027,535633,14066,575004,21298,566456,3572,0,4920,494930,23462,586725,7664,539716,48809,17632,17618,51728,1331466,321896,143499,0,876,339597,45121,47538,1660168,408396,205346,0,14013,595870,21787,908735,5106,2067,2852,26410,390532,0,3687,342288,4836,625161,40191,18383,83893,664814,2522,508337,18183,945330,43198,0,7735,613367,46939,21060,24346,498317,193130,0,4247,546434,
52251,1546127,134625,30767,15812,548620,60660,676118,696345,734429,27004,0,17177,528318,81694,628387,18980,570836,52379,15988,15956,49053,1253964,302580,136029,0,2823,437302,40534,54462,2216739,549022,273234,0,26951,572658,67288,975510,6115,1928,3411,31744,418374,0,12348,311076,18240,600763,16049,11838,108006,692174,14498,580241,77651,962954,618104,0,24999,603515,96127,40313,45632,678716,259766,0,11051,467790,
75833,462028,44634,10196,5293,160653,2763,111868,3052,75033,2220,0,959,120253,3907,136354,1022,126982,8380,3547,3517,11683,333317,78728,34852,0,398,49077,8868,10458,476432,115512,55924,0,2417,113350,3528,194781,453,0,476,2507,44403,0,1042,121303,816,131295,7403,3376,15795,134457,456,79612,2033,132576,3825,0,0,0,3646,1790,2914,69571,27047,0,536,84627,
1914520,2371153,142538,32792,17800,739818,31234,821070,741006,790004,11100,0,10080,675558,37562,799526,10774,737225,82980,41130,41066,78422,1721043,416504,185083,0,1888,410141,132688,86842,2157012,532194,263700,0,20239,804239,41856,1205396,9063,3126,6963,52498,222085,0,9442,582653,8046,811132,245285,94662,263892,991431,1029,571454,4734,1005696,16929,0,12329,1004708,110281,46252,49526,891989,351571,0,5914,678884,
48388,1855658,137196,31398,16426,642717,58371,770115,60873,813225,15734,0,17612,618375,81522,734618,21217,671332,55919,19503,19343,66677,1473483,355503,158346,0,1405,456304,64259,72760,2570569,638209,320021,0,27343,706946,61400,1186290,8156,2397,2826,26921,365866,0,15160,482150,17188,733658,39536,22092,158521,820001,10625,692675,94334,1169523,801798,0,32712,662176,87184,37311,45960,726429,278143,0,11410,578271,
696809,2065687,123514,28595,15773,693318,23104,829264,23007,830528,8034,0,5804,654362,29233,789265,6663,720232,57145,22139,22107,68777,1662707,404864,181924,0,555,372198,82113,82548,2941522,730759,362986,0,16845,773207,20310,1215096,4091,1413,3300,30456,476039,0,4824,538655,4585,782395,64785,30399,102199,850994,2975,694485,17608,1249468,18782,0,4740,774794,36412,17079,24654,543068,210474,0,3750,651537,
468290,2299838,116971,26960,15591,781200,27812,932376,36209,911529,5379,0,8447,739055,42295,884272,10833,810218,87683,28783,28783,83852,1903103,461429,205636,0,593,420815,80121,86220,2884480,715029,359007,0,21256,880383,28625,1371023,4390,1790,3473,38893,554713,0,7151,636656,7462,884092,66977,32063,130449,967428,4438,754896,28076,1424256,30918,0,11056,897305,66536,29475,33734,638776,249327,0,5664,741942,
45702,2040466,170212,38557,19737,721641,47850,859910,52844,843142,7239,0,12995,679515,82347,817839,13764,742811,1651982,176503,176324,75575,1593444,382954,173227,0,2162,504751,66649,51706,2867584,712050,337946,0,21306,800097,51790,1321904,13475,3805,3544,35177,510276,0,10691,556464,10533,796168,38417,20410,142936,944050,10237,768066,84425,1336164,436281,0,12513,289227,102593,40757,37961,574738,220903,0,7181,578295,
46441,215737,17232,3915,2048,75859,2599,74288,2201,61159,244,0,884,65847,3496,75155,959,70078,82143,9082,9082,6172,157324,37074,17928,0,89,37056,5466,4159,197211,47748,22155,0,1416,64551,3025,111642,945,403,587,2237,35881,0,752,53309,567,72268,4700,2393,8156,78748,362,52946,1292,106169,3365,0,0,0,2969,1354,1955,50191,19044,0,330,55189,
688905,1581447,94981,21594,11598,504908,18131,544030,32486,527036,4968,0,5521,452305,28060,525529,5353,487291,896195,98197,98197,51254,1165865,279249,125955,0,738,275714,63707,41922,1920399,473322,219870,0,11617,526186,25530,872337,6620,2690,5213,38931,282384,0,5695,393193,4135,550612,78340,34318,109868,696391,1402,445808,5672,816139,20546,0,4075,560197,47611,19965,24032,545369,210864,0,2541,471951,
