,Pyruvate,,,Lactate,,,Alanine,,,Glycine,,,Valine,,,Leucine,,,Isoleucine,,,Succinate 1,,,Succinate 2,,,Succinate 3,,,Succinate 4,,,Proline,,,Fumarate 1,,,Fumarate 2,,,Fumarate 3,,,Methionine,,,Serine,,,a-kg,,,Threonine,,,Phenylalanine,,,Malate 1,,,Malate 2,,,Aspartate,,,Glutamate,,,Lysine,,,Histidine,,,Histidine,,,Citrate 1,,,Citrate 2,,,Citrate 3,,,Tyrosine,,,
,174.1,177.1,,261.1,264.1,,260.1,264.1,,246.1,249.1,,288.1,294.1,,302.1,309.1,,302.1,309.1,,289.1,290.1,,291.1,292.1,,293.1,294.1,,295.1,0,,286.1,292.1,,287.1,288.1,,289.1,290.1,,291.1,0,,320.2,326.2,,390.3,394.3,,346.2,350.2,,404.3,409.3,,336.2,346.2,,419.3,420.3,,421.3,422.3,,418.3,423.3,,432.3,438.3,,431.3,439.3,,440.3,449.3,,440.3,449.3,,459.3,460.3,,461.3,462.3,,463.3,0,,466.3,476.3,,
HB1_0,218458,1314770,,349076,468239,,166330,573248,,12828694,733244,,41299,450448,,243491,531614,,72615,480354,,193582,47196,,3344,0,,1119447,269325,,121006,0,,5875,366500,,888643,241506,,1880642,453388,,211863,0,,73439,572144,,219560,952296,,36904,710109,,57480,485206,,68507,615617,,766952,278868,,326275,824404,,36604,657139,,274191,1142685,,9342,43303,,649,0,,649,0,,4037,19801,,8280,0,,9009,0,,33329,457331,,
HB1_10,35946,1236499,,79832,460239,,65417,575541,,131685,509073,,18627,448633,,116486,519307,,43329,478527,,70492,17601,,3393,0,,1119681,269168,,159497,0,,1769,338801,,499635,141219,,2032758,494253,,227781,0,,36609,524080,,78922,811668,,44903,543826,,15653,295620,,28851,565424,,446294,162838,,192343,695137,,62038,443767,,460748,951434,,9348,114844,,257,0,,11089,384082,,94096,37583,,34650,578013,,218799,0,,16965,484003,,
HB1_5,53337,1289768,,94074,448803,,78495,567766,,206882,509587,,22425,434401,,137355,506264,,52267,465479,,76451,18617,,1625,0,,1091190,261080,,133497,0,,2861,306897,,544553,159209,,2041980,495931,,227929,0,,42316,520338,,100328,826846,,71766,504225,,28324,429183,,36090,563309,,556250,203410,,196067,709397,,70973,452335,,506352,970872,,12585,116376,,13615,392569,,13615,392569,,81403,33108,,33329,571723,,216849,0,,20951,483085,,
HB11_0,83627,1245319,,295449,445779,,148295,587060,,127602,564989,,34155,445783,,186660,527351,,62798,476003,,68416,16635,,2128,0,,1095555,262278,,134832,0,,3335,363770,,381796,120406,,1878689,459698,,213626,0,,58646,562772,,180933,949985,,18023,634218,,47043,511171,,52803,590576,,279663,109511,,224196,733531,,58715,629719,,158989,1085574,,14894,83281,,16675,204086,,16675,204086,,63583,27313,,35290,572747,,217976,0,,28300,466826,,
HB11_10,33434,776097,,84627,280324,,51779,330175,,758723,343727,,9891,261511,,66547,306024,,25648,278102,,64949,15844,,850,0,,668423,159884,,82540,0,,1111,197243,,315412,91407,,1120208,270958,,125408,0,,22313,324475,,49714,546781,,20038,383019,,13252,274586,,18748,349859,,312917,114627,,113618,441560,,131421,352406,,365164,634810,,5826,74657,,9137,350485,,9137,350485,,42537,17590,,18728,350745,,132921,0,,10968,306649,,
HB11_5,104641,1490204,,182317,568042,,112425,738775,,126332,700589,,19221,557243,,136163,658490,,45531,598482,,121726,31216,,20729,43708,,1393197,333360,,169012,0,,2653,447372,,595222,181046,,2557675,628022,,291724,0,,46222,709044,,111178,1168949,,31555,913967,,29093,599391,,37822,736473,,837140,309796,,312670,944340,,262030,769152,,964312,1375806,,13433,171785,,20653,820738,,20653,820738,,115381,47159,,52106,872891,,334012,0,,21311,615363,,
HF1_0,81606,1139933,,164345,426097,,136341,512686,,209405,485597,,34199,422513,,189298,501915,,55793,451029,,84973,20535,,12943,32051,,1041954,249242,,112821,0,,3386,320887,,781068,213239,,1844830,445797,,207010,0,,56328,514572,,174441,863682,,23074,540753,,44118,449497,,55115,551586,,674081,247480,,278139,713864,,56659,565414,,176441,1003084,,7563,35156,,18,0,,369,0,,53296,23599,,33237,532311,,201279,0,,28832,419577,,
HF1_10,56098,1659178,,164610,597137,,80168,764840,,39138,684023,,20045,585039,,112265,685245,,42197,624656,,119951,28969,,19323,45221,,1422749,342751,,175475,0,,2831,468462,,877230,246423,,2579718,623943,,285149,0,,38502,705430,,90539,1145895,,173479,625512,,25030,594922,,28761,753665,,926073,336681,,327492,948768,,127696,630606,,1053714,1325917,,9583,154269,,368,0,,10569,470732,,288377,110798,,75083,825076,,310937,0,,17758,645251,,
HF1_5,28455,971475,,89178,351344,,51757,442591,,29984,393799,,15299,338557,,90059,391897,,34389,359442,,81136,19440,,12304,26445,,832249,199021,,88495,0,,1163,203353,,575937,157412,,1420479,341800,,155675,0,,28718,397684,,69167,645906,,109523,349410,,18646,343124,,23721,433923,,596719,215763,,194032,555449,,71871,351031,,737353,762282,,7136,81695,,6355,219367,,6355,219367,,143884,55808,,39508,482639,,182538,0,,14044,374335,,
HF11_0,41984,710322,,163925,265221,,83658,310081,,111973,311385,,24794,253264,,119119,293866,,39976,265565,,39314,9704,,6777,19714,,641172,153609,,68296,0,,2953,194267,,206956,64512,,1056917,258051,,119642,0,,38582,307605,,118915,528004,,12369,372575,,34257,291315,,40847,342782,,109380,43079,,129753,437317,,32427,371407,,145477,634657,,10576,48292,,11854,135339,,11854,135339,,47096,20067,,22867,380786,,144158,0,,24122,282889,,
HF11_10,63223,1355230,,158245,504813,,101621,655217,,95689,615819,,20745,489239,,116586,580029,,42709,526232,,75560,19378,,14236,37196,,1216555,291796,,143362,0,,2847,368729,,520291,155815,,2233930,544404,,249985,0,,40565,613975,,104252,1019260,,36303,738982,,27424,519081,,33288,645525,,614348,224457,,226055,808089,,214892,650802,,785083,1197859,,12411,151804,,19718,693046,,19718,693046,,112347,45495,,43702,642771,,244334,0,,20233,550112,,
HF11_5,20212,1201428,,140711,447535,,72688,573728,,89672,530807,,16523,436041,,93553,518737,,33647,470946,,56896,13682,,10372,31558,,1081174,260032,,118534,0,,2093,343578,,506133,149516,,2201825,535276,,244417,0,,33149,537156,,69260,860663,,18111,743320,,17856,408729,,26643,572246,,509917,183679,,159991,705410,,170394,563266,,727017,1021388,,9129,125273,,12275,538804,,12275,538804,,124981,49517,,43118,691634,,263830,0,,15227,473992,,
LB1_0,56638,1631950,,259129,585852,,202241,762311,,138955,713518,,50178,587695,,297138,697149,,91078,627513,,150853,35875,,20974,42873,,1424589,343354,,155545,0,,5197,483506,,1369880,366481,,2883702,696681,,317935,0,,89981,730140,,231662,1213033,,33433,912021,,66725,632247,,79686,778827,,1246112,451088,,448031,1044256,,43500,862356,,303431,1435403,,16278,53666,,2029,19430,,678,0,,221625,89033,,79420,988243,,375126,0,,37615,575217,,
LB1_10,46200,1520230,,181888,576742,,79601,722878,,482293,651228,,20642,554962,,130117,637429,,47487,588599,,120030,30157,,19945,42337,,1371773,329412,,162127,0,,2874,428808,,931832,257190,,2567374,619565,,282359,0,,38648,641253,,79679,1025324,,92332,729760,,21787,494529,,30622,695581,,1172181,422488,,340853,911827,,112755,563751,,1103997,1216147,,8794,122402,,302,0,,7683,309372,,170272,67543,,56248,785316,,295648,0,,17812,576058,,
LB1_5,44438,1823069,,202950,641980,,113226,811758,,102707,746744,,33947,617121,,211884,724608,,79804,657994,,102212,25065,,17177,45266,,1512931,363099,,169127,0,,3161,400830,,1037153,289120,,3178036,770357,,351680,0,,63259,731804,,131827,1203603,,35985,999295,,42246,677456,,54421,782553,,1075403,387740,,291594,1022391,,227997,800905,,641558,1416119,,14812,126424,,11460,319737,,11460,319737,,117180,47039,,46090,836759,,318373,0,,29612,651947,,
LB11_0,27217,604675,,78650,222741,,59735,261568,,59650,261620,,15656,215358,,86793,249379,,28090,225595,,32840,7978,,5695,16724,,546170,130605,,57838,0,,1459,164579,,198016,60849,,913875,222137,,103447,0,,27425,258304,,77473,446490,,7989,303772,,22210,246515,,27355,290661,,104613,41188,,97548,366344,,19718,314303,,79188,532885,,5838,32035,,5149,71235,,5149,71235,,30962,13266,,16397,275816,,104500,0,,14798,237107,,
LB11_10,27182,652343,,75164,245034,,34366,273673,,27611,259294,,6968,228305,,45716,259870,,16601,240663,,42482,10570,,7426,18416,,588662,140618,,66825,0,,997,176388,,308871,87576,,986947,237390,,108464,0,,15162,269479,,31902,445494,,27107,324731,,9159,232640,,12712,300018,,402046,145250,,127180,391987,,99676,265841,,634009,535483,,3839,59302,,5071,245216,,5071,245216,,50296,20205,,19775,327081,,123727,0,,7586,256807,,
LB11_5,88883,1315533,,172802,500049,,102374,645880,,94209,606107,,22940,488149,,150776,577249,,55056,524893,,111769,27398,,19381,38180,,1223735,293548,,153142,0,,2297,368035,,631550,185880,,2315862,564566,,261615,0,,52498,609478,,109687,1010272,,36467,782655,,29277,483785,,44565,642923,,850487,311683,,284048,831906,,236061,650299,,1266509,1214717,,14763,143267,,19776,594105,,19776,594105,,102954,41860,,46090,754446,,286624,0,,25174,544718,,
LF1_0,213879,3654131,,512626,1314227,,494487,1571302,,8119266,1710340,,135228,1258100,,651970,1501168,,223639,1351768,,1048211,254642,,124014,113039,,3128702,750820,,355583,0,,9701,848632,,6359025,1627190,,6619193,1576291,,705573,0,,192354,1502343,,568348,2457507,,70496,1627780,,0,0,,180475,1529249,,7849108,2827619,,1874107,2533231,,146725,1635256,,521252,2636649,,32603,38842,,2359,8630,,460,0,,350220,140751,,143420,1841872,,710392,0,,71017,873417,,
LF1_0_rep,76865,1377259,,177721,515218,,212907,682568,,3551303,731574,,55571,518132,,270106,615737,,93275,556478,,62996,15425,,11588,38686,,1264573,304661,,155146,0,,3974,445111,,336619,110968,,2151490,528172,,246813,0,,83820,654728,,254926,1103865,,32583,764494,,79397,614757,,81119,698190,,227397,87812,,249032,879575,,75962,756151,,255340,1306912,,11954,0,,804,0,,42220,437346,,147387,58932,,58427,838073,,316692,0,,44564,550141,,
LF1_10,43671,1718083,,145042,628956,,87121,799101,,178206,737540,,24489,602146,,136541,713242,,52980,646060,,124949,30992,,20921,46265,,1493954,356855,,173028,0,,2539,411775,,1080750,284733,,2941305,710845,,325474,0,,46236,756481,,94324,1239375,,32384,989598,,26856,610964,,35338,768596,,947855,343634,,275781,977008,,205046,777836,,617683,1372681,,9531,128375,,7265,277418,,7265,277418,,106640,43846,,43017,765165,,290715,0,,20847,644979,,
LF1_5,45653,868123,,73777,305745,,55029,374045,,38758,322504,,16806,290931,,92430,337509,,35125,310192,,69310,17108,,11309,23003,,719145,171347,,81220,0,,1272,206113,,591703,151617,,1266577,304648,,142428,0,,27327,333388,,63191,566099,,15883,369317,,18445,279582,,25610,372448,,436145,159530,,153099,486460,,83277,340173,,318162,641902,,5615,40753,,2029,53856,,2029,53856,,53104,21588,,22914,369048,,139843,0,,14657,319820,,
LF11_0,68480,1387058,,172645,491176,,187502,654914,,318753,629383,,51464,483289,,260515,575100,,93617,518316,,77276,18574,,12525,35356,,1178706,284374,,127079,0,,5231,403244,,561555,164486,,2215008,540304,,250333,0,,84737,611132,,265106,1028565,,29323,742163,,74468,553208,,84701,653808,,467539,172136,,272389,835049,,60108,733737,,281882,1265611,,21906,84314,,13208,127114,,13208,127114,,73130,31213,,40300,689585,,260884,0,,45457,504676,,
LF11_10,27465,666443,,59029,246018,,36284,270011,,67928,256237,,8219,223670,,46327,255322,,16619,235060,,38937,9381,,6865,18063,,586374,139552,,67752,0,,890,148672,,305135,86969,,1026267,247647,,113647,0,,14838,260015,,41036,429401,,21481,329778,,11613,242107,,12726,292313,,363344,131622,,118310,388546,,94834,260368,,528924,519009,,3983,53103,,5193,200687,,5193,200687,,42987,17938,,19512,356838,,135800,0,,8112,253371,,
LF11_5,30349,1218297,,90831,442689,,90407,562022,,143688,513105,,22016,427613,,135192,499614,,53307,458089,,63079,15301,,11184,32570,,1059829,254176,,133273,0,,2907,338683,,691611,184650,,2083572,503301,,229154,0,,42849,518034,,107195,842712,,23719,686951,,27164,425208,,40281,559099,,625055,225039,,187684,701442,,213191,534750,,664132,1015913,,13428,120423,,16738,463652,,16738,463652,,106715,42564,,38043,620834,,234555,0,,23214,477808,,
LF12_0,21093,623844,,112744,226509,,41505,266275,,32913,254289,,11742,221244,,68463,258030,,20760,233513,,24340,6034,,5011,17776,,555971,132178,,59586,0,,1614,167429,,130769,44707,,975044,237871,,110959,0,,21693,268482,,62351,456780,,4597,337929,,19642,267770,,18590,298048,,57595,23978,,79531,376037,,14111,332032,,65285,547177,,4318,31186,,7607,137760,,7607,137760,,46055,19736,,21033,312386,,119187,0,,11250,241262,,
LF12_10,30472,741899,,135473,275670,,44494,317936,,42529,303282,,11956,258492,,78439,299665,,28416,274105,,27445,6879,,6640,19854,,645596,153899,,75197,0,,1382,187569,,225264,68337,,1064683,257634,,118574,0,,23556,302771,,57432,503347,,18023,354374,,17721,270977,,21860,325515,,270887,98862,,119237,407062,,60079,295559,,370967,558086,,7337,63723,,9877,290662,,9877,290662,,39069,16021,,16890,283348,,107172,0,,12681,268227,,
LF12_5,66250,1290408,,186108,483604,,94673,620164,,232134,558815,,25372,471246,,154682,556215,,52857,508668,,61449,15087,,11393,35905,,1169722,280564,,127580,0,,2681,350467,,554464,160297,,2004690,486705,,222872,0,,45619,580718,,117961,928106,,195340,450865,,35688,484278,,41908,616152,,857735,309811,,307327,795698,,97464,477118,,1385659,1097687,,17207,137331,,23000,608670,,23000,608670,,92270,37159,,35040,559622,,211653,0,,24409,504486,,
HB12_0,49185,1025873,,159145,373753,,87916,495767,,92652,471495,,29691,380518,,137360,449432,,41643,406699,,59279,14494,,10047,29987,,908216,218858,,97095,0,,2817,320644,,191886,66526,,1378496,337643,,158149,0,,41405,475733,,122918,798462,,19903,446631,,42343,468908,,39811,506317,,93766,39556,,152891,609122,,32072,535617,,193581,941385,,14269,90937,,34168,424359,,34168,424359,,89073,37222,,35595,520157,,198731,0,,26853,421020,,
HB12_10,31709,765769,,108741,283686,,32903,329629,,27031,314710,,7826,269079,,45228,312983,,13883,285884,,33414,8058,,6499,22116,,685663,163595,,72478,0,,935,201296,,236357,72394,,1039751,252774,,117816,0,,15703,325152,,35922,533065,,20398,366766,,12438,335511,,11268,350727,,346693,127303,,126145,447054,,82433,329900,,468293,627281,,4329,72205,,6116,309692,,6116,309692,,43206,17876,,21947,389548,,147990,0,,7163,300331,,
HB12_5,64319,1419139,,183085,543792,,83883,706891,,830910,679235,,20589,540980,,116251,637610,,36855,582571,,77436,18820,,14334,45735,,1346593,322041,,142721,0,,2344,400286,,440903,142772,,2180666,535593,,249803,0,,40549,694440,,96164,1114190,,45016,830483,,33610,681628,,32330,730391,,662901,245402,,267251,906872,,158631,707332,,1060103,1350205,,14836,184933,,23071,901283,,23071,901283,,108398,44589,,51056,881521,,335954,0,,19541,620794,,
HB2_0,24249,534026,,98690,205852,,46940,225097,,48566,223402,,19337,192808,,77889,219959,,28388,199522,,17055,4215,,3729,15463,,489846,116240,,51380,0,,1182,140081,,64382,27166,,826379,201376,,93462,0,,22771,221283,,71204,386087,,8167,256590,,29004,249346,,22113,250591,,40048,16571,,67517,330185,,25487,264365,,97804,442032,,5903,30392,,10561,119502,,10561,119502,,51025,21216,,21944,366656,,139465,0,,13924,193683,,
HB2_10,36183,1181995,,162337,477284,,42812,626224,,97481,589284,,14433,476563,,75095,565172,,23449,514567,,74193,17735,,13135,37166,,1183798,284298,,126035,0,,1856,385783,,324367,108715,,2028294,496542,,231643,0,,26225,602509,,55565,977013,,36356,743665,,17869,562499,,15525,629825,,450373,167810,,178750,761913,,109300,621127,,842651,1148550,,7751,159438,,14287,818422,,14287,818422,,112651,45329,,43323,707336,,268139,0,,11037,528535,,
HB2_5,19963,616212,,140617,250862,,28317,288096,,24345,286332,,10434,239344,,52979,277077,,18536,253135,,33757,8179,,6362,19421,,622007,148284,,65928,0,,792,190054,,181361,59412,,1030568,250549,,117252,0,,17313,294046,,38609,484032,,12451,366518,,13387,279687,,13476,324821,,223936,83225,,96585,406957,,67404,314655,,300019,569393,,5240,66833,,7782,313343,,7782,313343,,35863,14915,,19198,391436,,148056,0,,8832,271979,,
HF12_0,15713,417806,,65833,148077,,11678,94627,,12163,63392,,4784,108441,,24914,117540,,5948,112675,,14655,3747,,2986,10457,,351655,83815,,37325,0,,369,55776,,42454,18454,,582484,141634,,66836,0,,6836,109876,,20351,212741,,3109,165651,,8008,146828,,6480,128679,,16842,7317,,40008,229503,,5138,122903,,30972,191781,,7898,2300,,0,0,,31,305,,39449,15843,,13371,211785,,81226,0,,3116,78502,,
HF12_10,15993,1067448,,166545,396497,,46437,517929,,34911,482975,,12640,396523,,78882,472024,,22988,430006,,44115,10767,,8788,30075,,973305,233048,,103640,0,,2566,315602,,386549,117805,,1952723,475360,,218316,0,,26383,499759,,58821,814531,,23892,630387,,17286,437908,,19444,524945,,445647,161703,,146666,647738,,100639,527103,,922119,974366,,7910,127373,,25,0,,4226,228173,,84613,34309,,34478,647358,,244488,0,,11307,442884,,
HF12_5,36789,1125187,,242525,455176,,58773,544131,,247157,321164,,14139,439543,,90816,514486,,32620,472263,,78402,19193,,12633,35477,,1090827,261105,,116013,0,,2752,322084,,437172,132057,,1917819,468573,,216044,0,,30119,516654,,69328,853332,,30145,684555,,17129,408928,,24745,565177,,505054,184777,,186235,727468,,115614,537834,,869164,1037931,,6683,90391,,606,4972,,606,4972,,133334,53134,,46406,670353,,255482,0,,13493,461540,,
HF2_0,21868,482819,,67426,177696,,37897,194088,,37408,185454,,14149,162440,,59620,185978,,20631,168871,,14970,3745,,3256,13562,,425440,101301,,44874,0,,912,119498,,58385,24594,,731948,178145,,83115,0,,17488,183923,,55226,322868,,6247,224803,,22593,211629,,17825,208974,,36129,14905,,57578,290644,,27053,221911,,78056,356236,,3436,18345,,4841,60912,,4841,60912,,56133,22690,,21390,330380,,125649,0,,10083,153466,,
HF2_10,22494,1099292,,157970,445387,,43420,583275,,39042,537661,,14782,448042,,77297,531659,,24684,483798,,58509,14170,,10894,33918,,1089209,260722,,116401,0,,1721,383130,,390595,120628,,1940172,473977,,218276,0,,25938,550053,,52807,874958,,40491,676612,,17008,487120,,17033,585663,,470072,171832,,169472,695636,,131033,551658,,887865,1043260,,7976,146123,,13578,716993,,13578,716993,,76413,31305,,33681,624747,,236909,0,,11483,491880,,
HF2_5,40116,1273194,,160197,486481,,65558,630109,,131503,571175,,21311,482493,,101726,555895,,35870,517464,,79037,18980,,13676,40088,,1209640,289503,,128503,0,,2568,386964,,458513,141159,,2041917,499082,,231331,0,,32238,584337,,77878,941723,,120630,612762,,28218,554979,,25337,629439,,815906,297424,,275428,794180,,116780,507468,,1472366,1136798,,12657,154399,,18857,729798,,18857,729798,,78088,32611,,38289,722648,,274875,0,,16779,527269,,
LB12_0,30663,991583,,161294,391338,,49981,502755,,85230,501688,,12485,395725,,79281,465401,,16133,422174,,47085,11629,,8906,29831,,963461,231641,,102770,0,,1376,342451,,159272,62082,,1759691,432160,,202101,0,,24997,490526,,63689,831865,,10011,616845,,19500,476237,,19494,527806,,89238,36900,,132357,656476,,20947,605908,,109781,997601,,7218,98865,,17266,420576,,17266,420576,,154462,62464,,50178,677281,,259730,0,,11600,418357,,
LB12_10,58472,1383987,,205612,555953,,65680,718539,,74000,652797,,11582,549024,,82045,646782,,21868,592126,,70471,16606,,13791,41951,,1371344,328496,,147149,0,,1959,414436,,574080,172582,,2590987,632564,,292275,0,,28549,669962,,58373,1096595,,49820,857458,,20350,686377,,19617,704766,,948378,343173,,291019,916424,,169612,669029,,1559169,1280201,,7932,157788,,10190,675197,,10190,675197,,96966,39967,,47391,877989,,332730,0,,10950,556167,,
LB12_5,46853,1195851,,163687,478242,,69493,629674,,135095,579611,,14372,481295,,91771,563897,,27499,518038,,67628,16466,,12937,36668,,1188593,285860,,127091,0,,2632,413860,,501114,150091,,2226983,542672,,250632,0,,31641,606510,,70867,969787,,38051,789179,,21367,534164,,24759,648537,,693488,251209,,235194,805649,,171771,613057,,1193625,1191006,,10423,162805,,17156,860121,,17156,860121,,133015,53222,,50033,781503,,296090,0,,14311,541407,,
LB2_0,54251,1243612,,265264,464128,,120163,621610,,106181,594258,,36399,477495,,162935,567767,,55541,514678,,65010,15784,,11230,35633,,1142345,276009,,123074,0,,2352,421388,,230255,85119,,2193513,539895,,252004,0,,47947,581620,,146305,997233,,20556,654629,,52404,574699,,40282,620356,,139689,55875,,165137,787880,,80235,677972,,189416,1141197,,16200,103086,,24099,315968,,566,0,,252088,100195,,71751,784540,,298098,0,,22565,443810,,
LB2_10,53396,1708502,,230567,643321,,81818,843468,,92483,777964,,21485,644765,,130128,762000,,38147,690877,,78009,18680,,15177,51764,,1522510,365699,,171634,0,,2215,529270,,574728,177498,,2480932,605837,,280561,0,,40377,765713,,82771,1204421,,57199,896683,,27998,729315,,26696,793727,,640746,236216,,229706,916309,,232182,749149,,986339,1389501,,11386,188824,,865,0,,19989,985192,,83576,34634,,39101,753129,,286424,0,,15353,637642,,
LB2_5,20126,608625,,72708,229438,,26586,260356,,18349,254366,,7766,218538,,46538,253125,,14158,231356,,37630,9012,,6356,17632,,559507,134074,,59605,0,,828,169138,,244041,73084,,951912,229872,,107707,0,,14598,261713,,30738,426425,,19682,307216,,9786,235364,,10522,288350,,275227,100588,,89022,356063,,91936,267851,,405556,497306,,3704,54287,,4923,221278,,4923,221278,,30227,12612,,15389,312558,,117943,0,,5986,230086,,
LB3_0,49414,1154343,,194979,441068,,71691,592253,,3095448,633489,,20579,450316,,83616,535043,,25612,484593,,68700,17214,,12109,34194,,1099426,264596,,117068,0,,2369,394980,,217008,80632,,1991130,490088,,233269,0,,29224,569715,,81498,956233,,11490,700984,,30497,569760,,21533,604765,,195510,78782,,151439,744879,,29030,699124,,128477,1162590,,11344,125721,,29693,511721,,29693,511721,,255093,102631,,73108,736023,,281757,0,,14910,499552,,
LB3_10,20491,1416923,,191676,533833,,36296,705367,,39214,652523,,9201,537882,,55142,634223,,15216,581252,,65257,15770,,13844,43386,,1317074,317049,,140740,0,,1108,440601,,331143,111626,,2282433,559322,,258305,0,,22246,675409,,38008,1073756,,36513,838382,,11420,638848,,10338,696096,,421247,155411,,168939,831872,,113923,653920,,733549,1244186,,4661,178513,,9370,882686,,9370,882686,,158637,63129,,53894,812209,,307274,0,,6942,580988,,
LB3_5,50501,1342574,,172222,518411,,47683,647598,,87207,629475,,12192,516239,,75107,609209,,17648,554417,,72490,17869,,14752,38646,,1272928,306109,,135816,0,,1596,463538,,373035,128152,,2500977,613454,,287335,0,,26765,641522,,49210,1047690,,23618,791365,,16462,644185,,15674,677057,,387902,148150,,175542,837563,,156350,678796,,450981,1202976,,6031,149159,,7326,480062,,7326,480062,,190075,74623,,59026,833283,,316118,0,,8828,532340,,
LF2_0,29518,1304417,,203059,485383,,55752,635899,,62220,604266,,10643,491775,,66836,581640,,16270,530600,,90795,22006,,13905,38723,,1194131,286393,,127300,0,,1338,430317,,270546,97745,,2491361,610722,,285050,0,,22470,611812,,49255,1061220,,7340,802978,,16356,607501,,12014,652736,,159156,61364,,126155,837530,,37357,757717,,78353,1197482,,11040,84841,,9204,253034,,303,0,,291584,116335,,85879,968869,,366436,0,,7317,483848,,
LF2_10,30145,1471692,,190982,552188,,40820,709930,,32023,667522,,9318,553785,,65913,655029,,18916,593901,,74981,18078,,14121,41932,,1336144,319655,,143486,0,,1295,458187,,382029,128120,,2676262,655319,,302898,0,,23929,669151,,46303,1066546,,21879,887931,,13337,603043,,13290,711901,,319183,118430,,148140,849694,,135450,712787,,435956,1272024,,97944,0,,324,0,,9268,828210,,88448,36669,,43220,895054,,339937,0,,7814,594303,,
LF2_5,27733,740976,,116308,279339,,24003,331128,,33417,320256,,5562,270287,,42949,313213,,12277,285203,,57365,13949,,8926,21439,,671601,160037,,71357,0,,641,208700,,247106,77183,,1175692,286384,,133772,0,,13965,321839,,29458,531872,,27517,369289,,8541,295736,,8897,351537,,375178,137662,,130770,442569,,71864,336091,,709730,636508,,86947,0,,4433,284151,,4433,284151,,44423,18294,,21139,402312,,151854,0,,5265,290704,,
LF3_0,24583,634134,,104206,228139,,28786,288502,,54391,280023,,7419,230025,,36582,269369,,9131,244895,,35724,9079,,6627,18587,,553845,132257,,58570,0,,718,199029,,89056,35889,,890233,217796,,102204,0,,12581,281114,,33594,482966,,5658,287847,,11411,289613,,9351,307902,,38578,20960,,70600,370366,,15771,340956,,55276,576019,,169539,0,,13352,228670,,13352,228670,,123287,49856,,35375,360331,,136876,0,,6617,263079,,
LF3_10,22187,1009997,,105835,380983,,26664,477714,,26965,449421,,6381,382554,,42394,454222,,9530,413257,,61949,14912,,13441,33135,,952148,228213,,100825,0,,1130,292058,,275700,90873,,1587820,387210,,178781,0,,15959,486583,,28757,775027,,31540,596484,,9246,475742,,8730,519504,,287280,106788,,123428,620127,,100585,500263,,572985,932279,,36112,0,,6888,628533,,6888,628533,,157030,61798,,49556,655246,,247657,0,,5797,445725,,
LF3_5,29684,1079937,,219344,394532,,33255,502251,,74527,483416,,7912,393435,,49984,464872,,12185,423807,,84964,20434,,13639,31207,,971598,234057,,103950,0,,963,335598,,324379,101735,,1676535,408488,,189146,0,,18709,499220,,36076,805970,,24220,606347,,10282,452276,,11032,530902,,314881,116697,,137201,639845,,147002,520104,,407507,951827,,47498,0,,8463,573608,,8463,573608,,172706,67133,,49928,589037,,223263,0,,7244,445460,,
HB13_0,17705,418400,,78448,155140,,19287,178977,,48941,172728,,5416,149874,,25068,175947,,6491,154562,,21877,5470,,4051,12090,,363920,86794,,38440,0,,1081,107260,,51857,21567,,568416,138736,,65178,0,,8834,175854,,26858,307723,,4933,181704,,7772,185021,,6964,198055,,33954,15917,,52120,242654,,9976,216704,,41797,358932,,105060,0,,6688,140219,,6688,140219,,50583,21302,,18500,240965,,91233,0,,4624,164830,,
HB13_10,27636,806771,,104473,299223,,24882,389989,,340829,377356,,5386,299922,,27231,354662,,7399,326190,,71716,17484,,11928,24039,,715327,170749,,75424,0,,1262,221168,,268354,83660,,1224638,298671,,139376,0,,16486,360717,,25995,591082,,27239,427233,,7295,339764,,5913,386364,,340366,126349,,122392,469621,,107607,373419,,495988,698241,,20432,0,,5768,472559,,5768,472559,,69203,27920,,27260,462950,,176509,0,,3861,324377,,
HB13_5,16474,380660,,39442,141720,,11216,157944,,98623,156777,,2204,131436,,13829,149746,,3633,137975,,39732,9667,,6017,12229,,338771,80720,,35638,0,,441,86059,,100597,32973,,469231,113581,,53822,0,,6112,158645,,11606,272050,,11248,160086,,3579,169846,,3069,175351,,147437,55488,,60599,219820,,55585,167945,,201882,306164,,14608,0,,1934,138820,,1934,138820,,62610,24420,,18108,198104,,74837,0,,1906,143848,,
HB3_0,21679,461762,,63575,165000,,22232,197714,,39563,174328,,5603,167299,,23677,194016,,7347,176838,,20986,5279,,3982,13102,,399904,95513,,42201,0,,642,124958,,67508,25330,,645994,157833,,74572,0,,9125,196886,,21939,328241,,5667,207429,,7381,183515,,5915,219215,,40115,17420,,53269,266782,,9335,230607,,42020,380983,,157498,0,,6096,123353,,6096,123353,,99734,41029,,30534,295157,,111865,0,,4105,180936,,
HB3_10,25706,870967,,153827,329334,,20772,429589,,44485,415525,,5254,328023,,29310,388138,,8181,354313,,54136,13170,,9984,26929,,812208,194004,,85846,0,,727,208906,,217790,74949,,1377096,335968,,158133,0,,14190,414470,,21689,689358,,13318,518985,,5948,391913,,6017,438207,,229750,89314,,109684,532060,,81195,467688,,315464,801520,,31656,0,,5059,544824,,5059,544824,,79281,32382,,33109,538329,,204492,0,,3809,370303,,
HB3_5,14892,564746,,91172,208098,,12131,233998,,30872,223860,,3180,191465,,15745,218830,,4796,201909,,35595,8705,,6215,16504,,494173,118491,,52349,0,,364,112243,,153514,48893,,793415,192007,,89389,0,,7563,227014,,12253,377197,,42768,215702,,4067,227095,,3317,253573,,263006,96062,,89182,330268,,35880,207716,,415368,439067,,28638,0,,1795,175439,,1795,175439,,49339,19757,,17948,293001,,110553,0,,2148,211486,,
HB4_0,28681,560536,,78817,221885,,34408,280201,,40224,264330,,9738,225690,,41877,263764,,12451,239902,,30482,7588,,5561,17368,,535756,128312,,56721,0,,1559,186197,,77556,31274,,803145,196188,,92073,0,,15026,274240,,42836,473626,,8581,281621,,13731,273443,,11199,300364,,57090,25161,,72909,359621,,17266,325147,,70771,552837,,171926,0,,14365,263127,,14365,263127,,118351,47687,,34732,362789,,137188,0,,7705,251152,,
HB4_10,23238,582012,,71602,223840,,15856,260797,,17506,255669,,3299,211727,,17822,244271,,5304,224275,,46351,11240,,7651,17947,,539454,129124,,56955,0,,561,154030,,149863,50965,,848617,206388,,96932,0,,8966,260996,,16144,443929,,16618,295130,,4637,251249,,3634,280837,,223404,85659,,86313,354031,,65768,282010,,333432,506623,,22729,0,,3074,289601,,3074,289601,,47299,19117,,19187,319131,,120706,0,,2550,242063,,
HB4_5,39167,855985,,126784,334894,,31618,435150,,26535,406353,,6547,329611,,34246,383930,,10640,353653,,90602,21928,,13647,27637,,815515,194174,,85745,0,,967,218275,,280523,90263,,1293758,316181,,148867,0,,15640,412731,,28240,678691,,38338,458294,,8931,394819,,7185,436990,,423549,158948,,155047,542996,,135398,415087,,592777,793369,,36131,0,,7133,524771,,7133,524771,,108296,42976,,35995,481031,,183210,0,,4673,363138,,
HF13_0,17921,440040,,71815,165687,,21488,185003,,175734,189123,,5026,154517,,27850,176960,,6042,161465,,27026,6667,,4643,13083,,394450,93704,,41479,0,,560,102831,,51080,21595,,590924,143876,,68115,0,,9887,181133,,25142,311070,,5201,194344,,8603,204389,,7779,203912,,37534,16869,,54767,260878,,9736,218123,,41215,355968,,116969,0,,6080,124298,,6080,124298,,56875,24155,,20417,257193,,98147,0,,4596,158464,,
HF13_10,35594,1100114,,188680,420336,,36708,547769,,685861,537421,,5961,412732,,40304,487346,,8518,445966,,100983,24515,,15547,33978,,1000059,240832,,105959,0,,1492,303732,,359447,112981,,1614401,392855,,183025,0,,18443,525939,,31551,864270,,31915,663561,,9311,511995,,8186,548643,,465591,172513,,162228,664629,,170169,570979,,645223,998404,,26905,0,,7181,707616,,7181,707616,,80951,33127,,35604,664097,,251889,0,,4603,431880,,
HF13_5,30309,939329,,141033,357191,,29263,466739,,178862,433425,,5234,355309,,33094,413779,,8791,382882,,107600,25928,,15502,30110,,872715,209431,,92490,0,,1478,265951,,317721,97273,,1298979,315751,,147095,0,,15692,450003,,25447,726950,,38765,520608,,7480,426324,,7106,477213,,453347,167322,,160789,583817,,152034,444500,,633946,860789,,31750,0,,6873,598575,,6873,598575,,137235,53687,,41474,520606,,197543,0,,4436,391151,,
HF3_0,38504,891131,,97475,328879,,43683,423849,,98064,411711,,10347,329900,,51588,387780,,12769,351781,,50790,12508,,8288,25652,,789020,189269,,84025,0,,1871,252306,,166862,60703,,1406291,344872,,160963,0,,19052,408400,,46681,686478,,12657,435118,,14169,386488,,10740,435458,,133011,53746,,121252,534429,,12620,472122,,74245,803376,,335562,0,,14951,311888,,14951,311888,,214347,86901,,60499,542389,,205966,0,,7627,358319,,
HF3_10,25053,955886,,76328,370347,,26423,485782,,35604,461714,,6700,370104,,32996,436500,,9217,398939,,63118,15337,,11418,29297,,900136,216099,,95723,0,,955,249464,,304016,97792,,1654613,402353,,186375,0,,15717,465416,,28009,759826,,30768,599491,,8313,422684,,6666,492592,,341226,127366,,132227,595717,,120002,503338,,569406,903758,,31538,0,,6264,640371,,6264,640371,,113672,45342,,40295,648363,,247021,0,,4444,419007,,
HF3_5,22988,857490,,145099,330578,,23490,408808,,28212,391998,,5518,324568,,29480,381132,,8743,347678,,65582,15855,,10424,25547,,803458,192756,,85361,0,,700,206995,,269150,84851,,1413716,343839,,159509,0,,14428,407121,,27460,670678,,18159,522738,,6724,354992,,5955,436130,,280958,104196,,113657,524450,,115077,450738,,356437,774928,,41173,0,,5151,480661,,5151,480661,,102648,40681,,35844,554324,,209822,0,,4030,356744,,
HF4_0,46434,868591,,95543,322063,,34931,375225,,65402,370618,,10631,302584,,43671,349490,,12879,317594,,43489,10936,,8005,24751,,779291,185046,,83762,0,,1087,211438,,113905,48029,,1346860,330907,,155755,0,,16470,363142,,41443,616827,,12526,427534,,15719,402994,,10925,393621,,101071,45234,,113707,521838,,15800,429828,,76778,698009,,262154,0,,10201,221188,,10201,221188,,154990,63234,,47295,516197,,195969,0,,6972,289183,,
HF4_10,52536,986921,,93069,380809,,35128,497416,,223031,482680,,5375,373070,,31363,439856,,8557,402343,,112258,27308,,17029,31930,,934904,223250,,98694,0,,1043,264483,,300829,101093,,1482170,364109,,171741,0,,16360,479474,,35844,798736,,27006,530733,,8003,458237,,6606,497921,,386364,151993,,150157,610608,,142772,508329,,448877,907525,,35175,0,,7412,625460,,7412,625460,,75227,30865,,30845,515061,,196245,0,,4410,415482,,
HF4_5,24447,523955,,57516,190226,,16250,214277,,27965,210656,,3325,175033,,17641,199531,,4804,183380,,51025,12428,,7746,15642,,452330,108083,,47807,0,,570,111197,,177706,55990,,702630,171576,,80410,0,,7913,212446,,15312,361138,,14695,245955,,4645,214945,,3761,232717,,223810,85040,,80541,296480,,90946,234655,,246753,412387,,27672,0,,2638,196914,,2638,196914,,53694,21279,,18819,274742,,104007,0,,2530,194479,,
LB4_0,29944,919592,,142775,331158,,37163,393590,,101759,384487,,10473,321790,,48729,374355,,13229,339736,,30346,7547,,6431,25302,,777028,185845,,81935,0,,1172,232752,,111673,47348,,1435804,351393,,164934,0,,19166,386505,,40913,639740,,7968,463496,,15560,396163,,10904,413645,,94161,38773,,102772,524624,,17276,454485,,62657,741738,,388169,0,,10941,217625,,10941,217625,,262516,105067,,69787,593588,,225927,0,,6935,309964,,
LB4_10,41492,1105195,,153538,414517,,28822,536755,,39692,492190,,6772,409412,,39446,475065,,9450,435613,,56595,14046,,13171,31779,,992410,237930,,107925,0,,898,266840,,293512,100015,,1945421,477317,,224491,0,,17948,507415,,31793,831620,,28724,633325,,10132,515294,,7437,533324,,406004,152063,,166703,674620,,105049,529546,,677206,964082,,53611,0,,5636,524057,,5636,524057,,122059,48545,,44018,694395,,264283,0,,4709,424949,,
LB4_5,15834,475095,,51952,174260,,12308,200960,,23279,196771,,3102,166618,,16449,190825,,4653,175711,,35433,8540,,5884,14141,,425496,100815,,44619,0,,622,111523,,163030,50246,,721120,173662,,80961,0,,7462,203248,,12782,344619,,12141,252475,,4124,202437,,3343,224783,,189206,69885,,67731,281410,,88660,230471,,257986,401578,,35451,0,,2306,191666,,2306,191666,,53684,21171,,18690,284037,,106650,0,,2255,187340,,
LF13_0,33143,938512,,156873,352718,,58998,463272,,86285,448615,,17192,355481,,81530,418999,,22777,380067,,40570,9991,,7880,28888,,846083,201895,,89322,0,,1802,263425,,113783,48597,,1420669,347968,,162992,0,,28876,440841,,79489,752942,,9017,515483,,28089,459575,,23661,465456,,60705,26315,,104156,569425,,26185,536334,,112115,878738,,262577,0,,27729,469677,,27729,469677,,135364,55443,,46635,596183,,227299,0,,15457,375911,,
LF13_10,13430,500698,,66458,187124,,12759,215106,,16899,209455,,3639,177825,,21808,203551,,5854,187132,,26748,6582,,5509,14663,,450858,107754,,47712,0,,515,124200,,122847,41276,,805515,194537,,90371,0,,9041,218065,,15907,367034,,11258,271422,,4950,214864,,5030,238112,,131137,48488,,55131,296241,,54774,248502,,219537,425391,,20412,0,,3117,249047,,3117,249047,,84672,33023,,24831,323013,,122601,0,,3178,201246,,
LF13_5,33910,981076,,135367,378976,,34386,490668,,41151,474861,,8507,375726,,61855,442762,,14191,403472,,70762,17130,,11548,29465,,927480,221515,,97389,0,,1339,296328,,229243,80213,,1688276,413817,,192161,0,,24250,481249,,41484,802212,,12602,610545,,11592,440003,,14718,504140,,290913,109668,,128627,614088,,136831,551332,,388853,937750,,36055,0,,10846,652606,,10846,652606,,195871,76377,,55516,631044,,240392,0,,8216,413847,,
LF4_0,54387,1023824,,137701,363420,,69658,472739,,117531,447355,,26765,368010,,100015,435898,,36630,395179,,46943,11650,,8963,29708,,886899,212750,,93678,0,,1975,301870,,135489,55224,,1409861,347245,,165262,0,,32911,459408,,100059,755609,,18289,429017,,36169,428027,,27447,488130,,82147,39276,,139647,587952,,34989,497804,,124031,877107,,407153,0,,36833,392358,,36833,392358,,264021,104806,,69029,549576,,208969,0,,19235,385210,,
LF4_10,33703,924708,,105614,336736,,20835,420370,,46004,405889,,6189,328125,,31076,383278,,9397,352037,,48490,11881,,9662,26976,,815622,194706,,86282,0,,629,214288,,279427,89601,,1447203,352070,,164833,0,,14520,414106,,21034,684293,,28620,503637,,7249,402556,,5833,439127,,268891,100441,,113927,541675,,118111,457357,,400433,808755,,62775,0,,5166,468548,,5166,468548,,79635,32231,,30575,485318,,184785,0,,4565,362815,,
LF4_5,24510,479428,,83715,173986,,14673,191899,,20349,185245,,4152,157714,,18571,179938,,5881,165781,,37912,9246,,6132,13523,,409235,97312,,43113,0,,259,86150,,167833,50443,,671885,161566,,75429,0,,7840,189789,,13414,318750,,12756,224925,,5144,199239,,4131,212482,,197617,72806,,67568,272450,,93920,206930,,219701,369782,,38341,0,,2683,163348,,2683,163348,,48099,19257,,17178,247048,,93922,0,,2989,174220,,
HB14_0,11001,111153,,2498,9158,,114,2,,12,0,,1,3,,136,280,,0,0,,2710,670,,410,213,,4237,1005,,448,0,,55012,213,,5739,1753,,17562,4254,,3857,0,,102,38,,411,0,,711,525,,13,8,,290,1349,,45,49,,60,251,,172,41,,32,4,,5026,0,,0,0,,36,563,,485,200,,149,143,,362,0,,34,4,,
HB14_10,40426,981840,,110892,394243,,42020,501286,,29891,462331,,7813,384295,,56447,450292,,13355,414233,,158260,38132,,21949,34301,,944770,226643,,106861,0,,208,0,,226780,83126,,1431039,350570,,164926,0,,0,0,,34627,739284,,17757,421874,,11225,438618,,10792,485245,,340101,128879,,136312,564693,,126729,442648,,546268,820546,,4913,0,,501,0,,4643,333124,,80004,31971,,29095,445052,,169570,0,,5719,361016,,
HB14_5,59195,1646545,,87469,635896,,63009,826938,,47169,772749,,12461,629220,,87478,737722,,22007,675647,,282307,68084,,36689,56243,,1548365,371970,,170194,0,,2318,515105,,357084,127812,,2352226,579331,,270082,0,,290,0,,57616,1249969,,28820,797133,,17531,748710,,21732,807695,,521350,195194,,206764,940949,,262509,754159,,722234,1413248,,9033,0,,7187,498254,,7187,498254,,172620,67894,,54500,768226,,291170,0,,11055,616196,,
HB5_0,14521,277491,,111962,98913,,21150,112920,,24242,106786,,7978,95084,,31937,109804,,11417,99606,,42424,10242,,5805,8581,,234222,55632,,24861,0,,894,65137,,80555,25804,,317207,76690,,37950,0,,8763,105995,,28564,183550,,4819,67224,,9714,101205,,9295,124601,,228501,82601,,68813,146224,,6243,105953,,38449,197979,,23602,0,,3280,39309,,3280,39309,,36429,15159,,11485,106832,,40282,0,,6104,98212,,
HB5_10,35675,1128638,,79487,459837,,39643,586764,,102380,523597,,13395,447000,,48531,497846,,17795,472970,,86198,21145,,16024,37152,,1095059,261282,,120457,0,,2335,348669,,245068,83607,,1468734,357943,,169078,0,,18016,510400,,48856,825727,,50918,419994,,14871,491735,,10131,538813,,416912,153898,,157406,643678,,91724,416362,,689282,909038,,7313,0,,9340,569291,,9340,569291,,71204,28909,,30427,462662,,176017,0,,7650,419632,,
HB5_5,43392,835392,,92985,337056,,34564,427340,,27026,387279,,11464,324339,,42569,368054,,17441,345685,,113892,27730,,16787,29963,,821562,196962,,86908,0,,849,232969,,223329,75996,,1112456,271662,,130942,0,,17248,391065,,43224,626902,,56618,229936,,13234,346421,,10778,413629,,374533,140375,,141806,492867,,71293,297120,,451491,689884,,6059,0,,9644,465085,,9644,465085,,57603,22886,,22028,354928,,135690,0,,7701,335878,,
HF14_0,16556,153550,,9861,23889,,63,3,,15,0,,2,0,,27,78,,0,0,,13024,3190,,1342,502,,7081,1653,,745,0,,45411,422,,6176,1689,,18861,4634,,4048,0,,110,0,,413,0,,76,1296,,35,15,,45,390,,72,39,,111,481,,105,85,,89,1,,8752,0,,0,0,,32,522,,481,377,,385,250,,304,0,,8,0,,
HF14_10,32775,292451,,24547,83189,,40,2,,21,0,,2,0,,32,27,,0,0,,7797,1828,,918,654,,16007,3995,,1748,0,,155,0,,5963,1847,,26920,6480,,3182,0,,141,0,,0,0,,195,1873,,21,24,,77,2195,,42,38,,48,71,,41,64,,7,1,,542,0,,65,51,,65,51,,68,147,,77,55,,272,0,,52,12,,
HF14_5,60112,1241897,,103805,482055,,43386,628890,,59291,584268,,7931,479131,,0,0,,13562,514565,,447831,106202,,51142,44043,,1198338,285997,,126520,0,,1801,414685,,339404,111093,,1799885,440768,,206031,0,,3295,0,,40345,950390,,67319,499917,,250,0,,6997,504671,,729094,268988,,235075,736887,,163744,514684,,1325662,1098289,,7362,0,,60,0,,7144,544635,,143198,55911,,43153,539409,,204636,0,,5780,476859,,
HF5_0,50683,976336,,80487,355338,,69414,463587,,98026,449704,,21562,361219,,0,0,,28460,383331,,78642,19191,,12614,29550,,838997,201573,,89151,0,,2260,303279,,58383,37428,,1334988,328961,,157845,0,,25821,421884,,76448,718004,,13573,287438,,27350,430283,,23229,452527,,54881,24674,,109056,501773,,20023,432660,,121468,766331,,171104,0,,19497,302972,,19497,302972,,165024,66311,,46760,434405,,165062,0,,14418,350387,,
HF5_10,39259,944642,,71694,361893,,30917,467306,,34241,420866,,8427,352526,,0,0,,12402,376692,,101802,24971,,17684,31108,,876792,209994,,93196,0,,1370,265957,,230507,79538,,1307104,319596,,152439,0,,14119,426011,,43817,695008,,45080,323761,,9628,364234,,6721,435484,,353183,132666,,132503,516274,,88314,344884,,630572,754263,,8111,0,,7829,457557,,7829,457557,,82255,32577,,30419,386118,,146715,0,,4956,357496,,
HF5_5,57699,1226880,,103777,465952,,49772,592875,,61091,539355,,13209,454736,,0,0,,16684,485852,,125932,30275,,19174,36784,,1118755,267401,,121769,0,,3318,374025,,375798,120317,,1958850,479285,,224772,0,,19348,540890,,43966,888490,,42400,474026,,15688,550384,,10154,580935,,489765,178997,,162647,669958,,182212,494856,,760469,974427,,11430,0,,7707,487239,,7707,487239,,115678,45529,,36055,523564,,197286,0,,6581,431224,,
LB13_0,13869,412136,,48998,159792,,16656,147000,,13558,89392,,4687,133277,,0,0,,4644,121192,,265131,63197,,29071,14906,,346636,82118,,39927,0,,858,111340,,12612,9279,,493461,120613,,56118,0,,3135,12152,,14313,189175,,2434,148052,,5844,137320,,6030,160014,,14409,6646,,36761,214250,,5431,121623,,39178,325542,,95870,0,,0,0,,106,632,,62019,25455,,19853,214867,,81263,0,,3619,122503,,
LB13_10,28320,849231,,95394,346280,,27819,402541,,60544,391403,,6350,326064,,0,0,,11453,346602,,497506,117915,,53755,32983,,842972,202436,,90704,0,,1346,217616,,239870,78087,,1492502,364020,,168041,0,,4578,0,,36303,662223,,17673,471692,,8130,336943,,11984,441101,,306368,113162,,111593,530072,,141841,432249,,438006,810705,,5496,0,,111,0,,7226,522608,,67409,27151,,26029,463639,,176194,0,,6433,352805,,
LB13_5,16387,601496,,52127,238619,,16671,265516,,29072,256848,,3886,216079,,0,0,,6831,225838,,378679,89136,,40270,22949,,565486,135489,,60335,0,,425,158081,,148227,47289,,876389,212050,,97229,0,,3914,0,,19566,427930,,17125,261064,,5162,226716,,6352,295424,,233941,85247,,88154,361338,,82573,250019,,313104,519879,,7850,0,,3438,248786,,3438,248786,,54397,21451,,18479,289973,,109750,0,,3782,235033,,
LB14_0,23327,972789,,90442,373299,,55934,488908,,85670,481457,,11624,375142,,0,0,,14444,399867,,365257,86532,,39957,32586,,897845,214208,,94672,0,,1032,324310,,28169,28034,,1557650,382926,,179656,0,,2779,0,,63272,761742,,7821,516436,,18657,420278,,25053,477258,,16719,9665,,91073,567953,,18025,525452,,118589,886386,,173136,0,,18385,373107,,18385,373107,,122907,50416,,42385,558295,,214210,0,,13683,370073,,
LB14_10,52268,1080901,,84949,427473,,40758,549457,,56412,499611,,6431,413368,,0,0,,11756,442936,,432046,101409,,49299,39703,,1052775,253262,,112730,0,,1127,307209,,243296,80737,,1368654,335029,,156705,0,,36880,508125,,35691,806920,,63184,514592,,9213,420690,,10075,535205,,544858,202954,,201047,669759,,117019,440050,,1005713,975837,,6889,0,,9787,834665,,9787,834665,,114718,45666,,39514,541380,,205617,0,,5638,422276,,
LB14_5,30287,921962,,70314,357676,,35655,458739,,93990,420372,,6636,346168,,0,0,,11730,369930,,389878,92189,,43188,32203,,866788,207703,,92142,0,,1009,283311,,269836,82475,,1281410,311794,,143750,0,,15890,424451,,33712,675763,,56777,452918,,8817,348456,,9632,456947,,480159,174743,,157891,563289,,149863,385762,,826987,817031,,9013,0,,9213,645300,,9213,645300,,125043,48591,,35538,452421,,170798,0,,5385,356546,,
LB5_0,51263,1004844,,85353,356612,,89080,466917,,77086,452056,,23869,363028,,0,0,,29011,382879,,91387,22204,,13416,29046,,851969,203739,,89906,0,,1653,303041,,48441,34291,,1313997,322014,,154134,0,,34597,425005,,96050,718605,,19701,234581,,36679,435897,,31253,446656,,46136,20737,,109100,506702,,27235,395576,,173322,747314,,163384,0,,20229,247012,,20229,247012,,198695,77878,,51786,457598,,174812,0,,18407,331394,,
LB5_10,35691,993969,,68163,378260,,24723,471441,,18286,426007,,8781,368338,,0,0,,11196,394105,,106202,25939,,18525,32880,,911054,217341,,96505,0,,1123,265123,,236352,82574,,1437737,349753,,164091,0,,15526,459166,,36586,722671,,151067,197677,,11083,405913,,7577,472617,,448838,165144,,150313,560626,,42987,343139,,911399,784025,,7419,0,,6134,466299,,6134,466299,,84702,33538,,34141,420713,,159641,0,,5221,373989,,
LB5_5,35393,685701,,74220,270791,,21261,318815,,28481,301495,,6863,257062,,0,0,,8867,272021,,102239,24658,,15238,23256,,670198,160549,,70514,0,,1252,191393,,221302,72236,,1100172,267389,,126616,0,,12114,313334,,32459,504483,,30406,257400,,8813,277042,,6633,347865,,376947,138775,,111867,404856,,83517,276371,,650139,587252,,8663,0,,4537,266938,,4537,266938,,63875,25133,,20646,290647,,110574,0,,4398,277328,,
LF14_0,32628,906911,,86881,366701,,55449,487116,,236805,478613,,18991,371531,,0,0,,23191,397144,,454410,107798,,49439,34070,,877546,210517,,93453,0,,1923,316219,,31851,28766,,1550544,380664,,177744,0,,26790,458808,,80096,763637,,10161,482655,,24826,409383,,24159,476834,,26849,13827,,99613,559522,,24004,516297,,120911,882915,,193747,0,,19192,326467,,19192,326467,,124150,50272,,40783,521089,,199647,0,,15140,370421,,
LF14_10,28387,844578,,69751,337719,,24293,398818,,44775,380213,,5352,324514,,0,0,,8207,349270,,358917,84671,,40849,32174,,845415,202483,,105699,0,,1087,251897,,159787,58347,,1314369,321041,,149319,0,,13991,409501,,24650,640623,,23312,451809,,6425,337582,,7827,433183,,329643,123175,,137204,530593,,77084,389771,,656704,798510,,6378,0,,6691,596773,,6691,596773,,82923,33157,,30117,448485,,171119,0,,4785,343357,,
LF14_5,43322,1166832,,98094,469790,,39271,610746,,103670,574982,,8934,467882,,0,0,,15398,505781,,483543,114923,,54193,42525,,1157729,279201,,123196,0,,1651,352852,,238263,84749,,1943522,475511,,220123,0,,22011,597830,,43925,941965,,16037,720216,,10779,518033,,11851,627720,,385911,143884,,162782,744694,,173163,607048,,546844,1135675,,12294,0,,11847,859891,,11847,859891,,143175,56390,,46699,666380,,253207,0,,7186,486721,,
LF5_0,26203,732375,,60404,261821,,46949,327269,,50198,331535,,11586,261534,,0,0,,14585,276998,,87544,21143,,12055,21547,,628424,149787,,66048,0,,1040,227298,,29287,24696,,1049374,256883,,122338,0,,22444,310806,,53351,525204,,6412,210518,,18615,306876,,17804,334729,,24217,12022,,82630,385155,,10781,319277,,73767,581031,,98421,0,,10040,151068,,10040,151068,,135876,54352,,38049,373378,,142673,0,,10660,265128,,
LF5_10,34156,1065784,,79060,410057,,37349,516654,,29804,462051,,10197,388061,,0,0,,13851,413440,,127198,31063,,22100,35818,,971513,230985,,102693,0,,832,255728,,209645,75930,,1374016,337312,,160076,0,,17749,468126,,43262,753825,,184099,172150,,13859,449258,,10235,491638,,585340,216346,,200683,608929,,36484,331845,,1164174,836390,,5784,0,,6785,443034,,6785,443034,,89961,36149,,38842,470759,,179275,0,,6392,393642,,
LF5_5,17792,465659,,58508,184721,,15404,206000,,16201,196533,,4579,167892,,0,0,,7829,176815,,65946,16074,,9467,15430,,446992,106672,,47278,0,,685,127451,,107952,37707,,696267,168589,,79013,0,,9682,203359,,24091,332569,,10047,155683,,6292,189836,,6219,229536,,140208,51900,,56884,267100,,51702,185415,,195019,373864,,4716,0,,1691,106015,,1691,106015,,43646,17195,,13834,195929,,74131,0,,3788,186363,,
HB15_0,38459,828345,,166550,336315,,39094,443463,,38976,430224,,7148,339330,,30754,307193,,8992,363031,,39162,9878,,8027,26223,,805434,192580,,84883,0,,934,282328,,38116,32220,,1451493,356058,,168460,0,,15813,402465,,36950,675079,,7643,426381,,8554,337069,,11737,429748,,33946,17775,,101427,508049,,11153,466925,,67820,768536,,186507,0,,16084,439366,,16084,439366,,79047,33903,,34722,533364,,210645,0,,6650,337120,,
HB15_10,34023,901776,,75550,374733,,27189,494882,,14452,464941,,4063,374780,,25285,440817,,7215,404545,,89743,22044,,14840,30468,,943642,226569,,99354,0,,725,291917,,214763,78337,,1570932,387272,,182283,0,,12605,464672,,27374,747277,,27962,486202,,4827,324867,,5529,488685,,365021,137704,,141253,582068,,100008,444318,,596440,865034,,5486,0,,5607,733578,,5607,733578,,52154,21760,,27640,535508,,204004,0,,3377,390390,,
HB15_5,25624,852954,,75903,345467,,24698,452052,,13864,421196,,3957,346837,,23695,408563,,6844,375676,,82884,20394,,13028,27386,,854508,206320,,90389,0,,713,296881,,241438,79110,,1337677,325803,,152703,0,,11749,426926,,22136,678457,,23806,467489,,3908,285097,,5279,456046,,357141,130622,,125212,525816,,127988,412654,,512729,791110,,9167,0,,5883,666751,,5883,666751,,53991,21996,,23963,451945,,171512,0,,3305,361532,,
HB6_0,51961,843219,,90926,348908,,60132,456986,,133076,447307,,18647,352154,,80545,414715,,25817,375890,,55080,14059,,10551,28231,,841416,202082,,89048,0,,1821,295409,,48543,37760,,1530510,377950,,180765,0,,24952,417011,,66699,702985,,13598,381527,,18225,303647,,19313,445850,,51551,27117,,114017,524227,,16573,451303,,104079,779035,,232454,0,,18992,310740,,543,0,,176804,70555,,51798,540235,,206441,0,,12791,341991,,
HB6_10,27916,864273,,69332,363892,,25429,479885,,32198,443176,,8223,365541,,35858,417101,,11186,392035,,78657,19784,,14183,31091,,923017,222808,,98027,0,,782,288066,,240212,82133,,1411050,344007,,163476,0,,13751,439513,,27173,705201,,38336,418796,,5964,274628,,6465,466763,,307170,114812,,123070,547810,,91576,388429,,452051,802808,,7195,0,,782,0,,7351,657523,,62283,25006,,25789,468166,,177145,0,,4784,371673,,
HB6_5,13931,441442,,32694,184573,,11538,204887,,9704,197334,,4295,174229,,20183,200057,,5703,184747,,32589,8140,,5870,15054,,446484,106619,,46926,0,,333,123413,,142450,47984,,762580,185100,,87396,0,,7549,213344,,14160,350496,,10004,209498,,3721,160024,,4367,240086,,152417,56898,,59720,276411,,75005,219445,,173237,399138,,5897,0,,3073,247092,,3073,247092,,33263,13522,,13785,254950,,96826,0,,2951,193121,,
HF15_0,34371,901630,,89259,334647,,43789,443878,,69604,428435,,14606,340259,,55932,401359,,17155,364573,,86647,21251,,12866,26353,,802995,192245,,84382,0,,2171,312300,,35775,27733,,1220790,299121,,144566,0,,18354,390697,,53227,666650,,25533,283972,,15734,328173,,14071,417385,,63068,26172,,95455,490230,,12160,377567,,120253,686044,,168775,0,,13628,292870,,13628,292870,,126220,50955,,37745,436410,,166464,0,,8660,300680,,
HF15_10,22537,865770,,58126,352218,,25064,456138,,16118,415271,,5468,347422,,29565,396920,,6128,372612,,118043,28753,,17858,29658,,859150,207102,,91381,0,,1212,299524,,308623,95974,,1360182,330259,,154468,0,,11155,408344,,21826,654677,,76205,353508,,5066,280534,,4493,436160,,512864,185924,,155567,522854,,113408,351062,,1014494,775017,,6188,0,,6060,653044,,6060,653044,,71135,28454,,26846,449213,,170175,0,,3293,360070,,
HF15_5,30297,897314,,58902,362560,,27541,462502,,17078,420619,,6547,350069,,24402,404243,,6721,374672,,146556,35510,,21352,31177,,867353,210040,,92116,0,,1068,263345,,388284,119427,,1451742,353718,,166661,0,,11294,422834,,27169,680800,,248192,127036,,6601,302941,,4944,451864,,772235,281428,,241684,572589,,92085,290974,,1276596,751650,,7909,0,,6719,623904,,6719,623904,,75502,30121,,30582,522505,,198942,0,,3742,363093,,
HF6_0,41460,890436,,65473,365183,,57871,484521,,63520,467794,,20928,372074,,80069,438059,,27677,397103,,55395,14015,,10184,29565,,874774,211254,,93089,0,,1965,311760,,55324,39966,,1636163,402393,,190904,0,,25794,434968,,66982,733890,,14741,402640,,22228,358426,,20045,462266,,61309,28366,,116073,550107,,17490,467327,,133283,789252,,298699,0,,12466,218271,,497,0,,213304,85575,,61857,590145,,224694,0,,12313,332635,,
HF6_10,33279,954802,,78982,394096,,30609,516709,,43430,475601,,9488,392815,,30854,457351,,11862,421628,,93842,23043,,17536,33245,,971017,234239,,103539,0,,1628,327604,,202761,78039,,1538715,379966,,180859,0,,13887,479233,,39593,764868,,90060,317800,,8666,334769,,6634,506150,,381035,145743,,154940,592399,,45847,392103,,664984,849977,,7842,0,,615,0,,9145,619328,,68012,27598,,28086,488440,,185839,0,,5011,399709,,
HF6_5,24600,873558,,69960,364045,,22545,476414,,405635,446875,,8701,362985,,31809,414526,,12316,385126,,103445,25616,,16554,30371,,899622,216974,,95266,0,,860,284296,,232188,78678,,1391075,339658,,161211,0,,16897,440077,,28989,697055,,62006,386067,,6460,270979,,6976,472272,,404419,148110,,145582,538540,,82603,378820,,790276,807539,,12223,0,,7888,617712,,7888,617712,,84219,33392,,28702,446491,,169478,0,,4997,368064,,
LB15_0,6998,243648,,21731,98614,,10061,105160,,11739,106203,,3271,90381,,15078,101648,,3579,92503,,11704,2973,,2391,7374,,235369,55824,,24598,0,,439,71394,,11445,9334,,406566,98599,,47228,0,,4920,100678,,14443,177040,,2171,95118,,4083,91216,,4392,120734,,6099,3024,,22241,146230,,5220,121509,,29559,203422,,62544,0,,3235,67205,,3235,67205,,43826,17288,,12933,151975,,57554,0,,2871,99082,,
LB15_10,396,0,,114832,389937,,33242,511345,,23283,481721,,6311,389519,,43279,457452,,8438,421449,,107977,26421,,17683,31843,,965806,232773,,103134,0,,1886,338521,,279958,94172,,1721870,420819,,197186,0,,16789,480912,,44725,775905,,34346,496234,,7180,321186,,10612,508760,,455958,167132,,149382,587083,,129731,476436,,967204,915860,,4165,0,,8960,768982,,8960,768982,,96273,38489,,35725,522152,,205277,0,,5998,396614,,
LB15_5,315,0,,35477,214110,,12728,240072,,8820,235694,,3381,200210,,18305,227113,,4112,210652,,50539,12474,,8681,17750,,522445,124955,,55074,0,,756,147048,,121458,43167,,832183,202515,,95330,0,,7916,241810,,17739,398972,,12682,249322,,4112,199443,,4541,267639,,195878,72680,,77760,324639,,53922,246464,,324125,474190,,3653,0,,4139,323177,,4139,323177,,48823,19624,,18729,288263,,109325,0,,3021,221529,,
LB16_0,283,0,,34626,150348,,17835,166367,,23915,169307,,5158,140381,,27950,160307,,5960,145979,,18420,4703,,3821,11352,,360176,85700,,37705,0,,528,110600,,16163,13946,,654422,159747,,76235,0,,9491,162857,,23109,279897,,3274,167586,,6980,148012,,8665,187951,,12164,6289,,36487,229458,,9723,200546,,40266,328016,,85025,0,,6768,153985,,6768,153985,,70141,28475,,20983,244096,,92335,0,,5360,156185,,
LB16_10,28023,874660,,83533,354204,,26558,457374,,59124,426241,,5902,348969,,36581,403343,,8795,374614,,70241,17502,,12679,28265,,870086,208609,,91481,0,,943,263222,,334314,103524,,1537514,374218,,173880,0,,13070,419346,,25679,674019,,67532,402213,,6574,318361,,6028,440202,,565284,204027,,155048,528011,,112038,380173,,1249253,787677,,5013,0,,6607,631986,,6607,631986,,75963,30194,,26727,423414,,160876,0,,3904,349547,,
LB16_5,25138,953388,,65706,384321,,25580,492592,,49635,453685,,6785,376857,,41023,440786,,9135,406291,,78365,19384,,13117,29963,,933027,224165,,97978,0,,1073,279052,,263314,87178,,1612604,393380,,183477,0,,15931,463116,,29237,735087,,53234,509402,,8332,400878,,8180,489558,,505847,182647,,152162,581579,,102746,440065,,1140657,878090,,6700,0,,7984,694337,,7984,694337,,105056,41775,,35613,511900,,195219,0,,5023,381212,,
LB6_0,32530,870551,,88305,354947,,55895,472734,,767129,481503,,17073,363467,,71790,428315,,21952,387674,,63934,16250,,11122,28998,,860116,207471,,91528,0,,1830,322241,,48797,36060,,1480690,365598,,174189,0,,22990,426983,,62744,723500,,9942,367152,,16122,292363,,17094,453776,,48647,23185,,100815,522049,,16537,445526,,91592,778896,,282069,0,,19320,276831,,441,0,,222214,88676,,59505,511513,,194161,0,,10459,325286,,
LB6_10,17130,444480,,37119,182105,,11273,205045,,455626,220161,,4867,171120,,21800,196653,,6289,181034,,44204,11020,,8238,15074,,446796,107028,,47487,0,,388,135069,,139702,46089,,769618,186281,,88530,0,,6969,208805,,13810,341294,,15628,184213,,3040,128454,,3761,230914,,184084,67683,,63301,268732,,56215,210390,,397600,402392,,5773,0,,230,0,,2618,224638,,34801,14274,,13953,250005,,94201,0,,2671,192720,,
LB6_5,22510,386268,,28035,158196,,10939,176715,,160611,184975,,3484,140800,,14392,160543,,4585,148315,,44339,11009,,7836,13586,,390018,92919,,40957,0,,275,104944,,107223,38271,,604159,147349,,70920,0,,5905,169718,,12849,281977,,13466,132398,,3402,128487,,3419,199967,,167404,64333,,68526,239273,,44753,157343,,196701,321027,,7219,0,,2222,149720,,2222,149720,,31411,12838,,12187,179880,,68274,0,,2550,162098,,
LF15_0,18144,766259,,68635,314546,,40314,420209,,61564,409515,,14722,323273,,54443,380101,,16157,344843,,41915,10606,,8163,24895,,768318,184511,,80859,0,,2362,280437,,26584,29074,,1511374,370769,,175665,0,,19540,380608,,60039,647451,,5824,408047,,14750,287615,,16622,409432,,10667,6156,,65390,471928,,20247,452268,,81000,731103,,192786,0,,17630,313429,,17630,313429,,112660,45160,,36813,503765,,192247,0,,10399,318697,,
LF15_10,28920,917270,,68721,377763,,29004,486928,,16696,444881,,6975,372294,,32672,434031,,7322,400352,,104105,25717,,19073,32943,,930504,225129,,99427,0,,1049,300674,,311725,101589,,1559831,380418,,179479,0,,12741,457656,,29955,722855,,158519,290405,,6941,310224,,5694,484151,,698562,253764,,213583,591187,,67347,365431,,1539792,864393,,5690,0,,7424,685403,,7424,685403,,84800,33907,,32608,525780,,200170,0,,4360,387073,,
LF15_5,34854,912985,,69374,376789,,22945,495981,,53403,462402,,5934,373865,,26209,434900,,6706,402333,,120660,30072,,20558,33157,,944042,227904,,99853,0,,764,298909,,249887,86316,,1583045,389657,,183984,0,,12655,458726,,22520,749849,,51513,443510,,5222,310640,,5451,493633,,450914,167235,,159490,586311,,88422,433509,,855885,881121,,7923,0,,7038,671500,,7038,671500,,79735,32022,,30305,485748,,184934,0,,3830,382929,,
LF6_0,24290,632422,,48359,250312,,30644,291464,,65366,296072,,9556,240364,,47646,277494,,11093,251754,,46245,11706,,7923,20309,,592923,141743,,63305,0,,716,189068,,32302,24402,,1004048,247297,,117040,0,,14277,278024,,33488,465928,,6627,222409,,8126,178787,,9784,304954,,28824,14540,,77883,361779,,8955,290200,,54922,512014,,219560,0,,5220,100192,,180,0,,144275,57639,,39201,345723,,131057,0,,6255,224841,,
LF6_10,27277,1056924,,71760,437279,,27447,562241,,232221,525521,,8513,427776,,46083,489887,,10979,458380,,111303,27635,,21551,37900,,1059196,256743,,114679,0,,974,352167,,184843,72977,,1628120,398835,,189983,0,,16291,511961,,29436,818998,,89828,323894,,7019,353697,,7167,542632,,379771,142544,,161978,632030,,27987,418083,,946056,939379,,7158,0,,537,0,,6752,657653,,114176,45123,,37161,491911,,187449,0,,4973,431121,,
LF6_5,41051,948324,,63325,392968,,29670,511373,,443079,491274,,9181,393470,,38672,455192,,11761,424102,,124802,31159,,21961,34102,,976985,235356,,104874,0,,1347,332736,,297042,99372,,1761755,429379,,201680,0,,16118,477241,,30950,740503,,42613,417862,,6138,257126,,8083,515836,,446548,163413,,146590,587894,,104807,423642,,926743,878609,,10597,0,,7360,603604,,7360,603604,,96336,37937,,32333,496121,,187256,0,,5021,396286,,
HB16_0,9862,372000,,42408,155567,,17724,173374,,66662,172142,,4596,149912,,26579,171343,,5613,155735,,13609,3557,,3222,11802,,365694,87619,,38384,0,,487,119728,,14138,12664,,621518,151382,,70502,0,,8625,171019,,24215,295593,,3049,172002,,5863,144713,,7390,193621,,12731,6268,,45143,237028,,8828,202759,,40454,323729,,151054,0,,4427,110764,,4427,110764,,55039,22492,,19243,253983,,96968,0,,4004,141399,,
HB16_10,23468,872073,,67069,370198,,31530,478285,,79422,449507,,6080,363818,,45200,423073,,11019,392244,,77580,19546,,13266,29308,,912027,219429,,97584,0,,1313,302472,,285707,94214,,1650694,402757,,188259,0,,16597,449149,,30401,720168,,36378,495485,,6478,291055,,9878,474156,,536345,196195,,161270,572295,,125429,429779,,1117493,844462,,7907,0,,8332,712677,,8332,712677,,73277,29376,,29741,503975,,191714,0,,5317,369756,,
HB16_5,24817,837895,,185817,354271,,27766,456846,,122192,435327,,6262,345117,,40889,399606,,10512,370521,,98714,24835,,15842,30088,,869179,208994,,91925,0,,1179,280603,,320622,101834,,1553953,378057,,177731,0,,15542,428209,,31180,692810,,39558,464769,,6475,278927,,9374,452158,,476972,174410,,151909,549114,,140426,422633,,877894,812662,,13101,0,,8740,686944,,8740,686944,,87169,34708,,30851,462193,,174612,0,,5260,354814,,
HB17_0,23836,832084,,195820,356186,,34467,473600,,199543,464218,,12436,359273,,39926,421214,,14991,381939,,33884,9000,,7291,27224,,855328,204827,,89672,0,,2022,301686,,32817,30787,,1665252,409911,,190748,0,,15690,421766,,43664,714932,,6132,502229,,11994,335158,,11328,447941,,29369,12587,,53454,531116,,22041,498662,,81543,790551,,237382,0,,17672,469610,,17672,469610,,159744,64867,,47959,544277,,205739,0,,7528,331310,,
HB17_10,18696,896021,,98190,371860,,39214,479896,,35648,463275,,9247,363872,,55714,428989,,17787,393763,,64327,16389,,11453,28971,,920827,221192,,98876,0,,1466,271639,,266605,88150,,1690612,413047,,191641,0,,20967,457683,,42707,740716,,21538,542732,,9391,324498,,13592,479636,,318714,116403,,118360,572893,,125819,482050,,487051,861842,,8883,0,,12187,819432,,12187,819432,,54991,22793,,25962,510967,,193294,0,,7589,379007,,
HB17_5,13739,632741,,45170,256577,,19135,300347,,24502,297621,,5049,239043,,29431,275082,,9102,254081,,30716,7905,,6392,19211,,627643,150496,,65955,0,,771,187004,,150275,51477,,1078360,262710,,121807,0,,11917,297769,,24729,482953,,16263,359182,,6514,254104,,7535,327115,,223610,81594,,81954,400522,,66628,303665,,308852,556700,,8061,0,,6269,432767,,6269,432767,,39086,16031,,17379,344991,,130661,0,,4286,256596,,
HB7_0,39041,842175,,109055,345194,,70392,451247,,96427,434497,,25013,343887,,86586,405434,,33167,366808,,26450,7150,,6556,25867,,817697,197272,,86153,0,,2802,290357,,35973,30054,,1501962,369408,,173677,0,,28513,407833,,95493,682379,,12933,469678,,29445,345919,,24477,430985,,37294,17293,,101956,531255,,29355,465364,,142618,759814,,216402,0,,33486,458212,,33486,458212,,152626,61308,,49498,607826,,231074,0,,15911,320858,,
HB7_10,13355,407622,,30906,160464,,7298,157745,,163304,161900,,2841,130248,,11522,145113,,3720,135430,,20426,5115,,4662,12366,,382079,91230,,40443,0,,271,84502,,80965,29166,,657180,159938,,74824,0,,4606,152259,,10004,251101,,38615,139742,,3516,162449,,2367,176126,,167813,61513,,61272,245992,,18208,132546,,296601,294042,,11504,0,,1649,134087,,1649,134087,,47032,18635,,15581,220255,,82808,0,,1791,141693,,
HB7_5,13345,413863,,60446,169445,,10766,187678,,60158,183738,,4101,155130,,18395,175152,,5243,162884,,30556,7715,,5690,13287,,413625,98715,,43250,0,,499,119738,,87613,31214,,651769,158276,,74296,0,,6599,188601,,14294,300664,,60943,153687,,4053,149572,,3552,209693,,267284,97002,,78088,267080,,27080,157404,,546527,360347,,15193,0,,3536,237982,,3536,237982,,48396,19102,,16078,238062,,90226,0,,2655,173451,,
HF16_0,58887,990877,,86281,419008,,52420,537795,,60717,511729,,13972,413227,,63824,482506,,15804,437957,,58191,14824,,10899,33052,,982807,233808,,102365,0,,1231,345993,,52290,39805,,1594743,393699,,186267,0,,20765,455436,,49433,793607,,15251,451855,,15039,425716,,15039,482304,,70839,39236,,141594,616739,,14275,458723,,87908,737554,,416812,0,,9041,183502,,373,0,,195986,79321,,58301,554708,,211728,0,,6636,257438,,
HF16_10,22668,559599,,40411,229559,,20637,282769,,83696,265954,,3948,220540,,23729,254768,,6943,236466,,58036,14559,,9078,18335,,559563,134446,,59340,0,,751,155317,,189896,60867,,981783,237595,,111067,0,,9974,270294,,20883,447313,,22649,269660,,3788,175629,,5512,290824,,255570,93951,,84034,347573,,105676,271408,,432109,511748,,5745,0,,4743,393002,,4743,393002,,52896,21109,,18902,299054,,112875,0,,3283,238128,,
HF16_5,46351,831071,,73351,352498,,31796,452437,,345619,434114,,7437,344150,,39105,400637,,11357,370365,,87206,22309,,14753,29319,,860777,207190,,90560,0,,1236,277721,,214728,78277,,1431255,351448,,166551,0,,16135,425441,,33839,676368,,33188,442220,,6676,267677,,9368,458459,,348707,133257,,131330,532257,,97435,390590,,558763,774277,,13713,0,,9865,654771,,9865,654771,,97339,38682,,32703,440181,,167585,0,,5242,354340,,
HF17_0,32940,817652,,69765,338866,,51174,446139,,119942,431338,,16234,339364,,59598,397111,,19994,360844,,27173,7115,,6691,25246,,803404,192707,,85228,0,,1638,282784,,31344,28191,,1431126,351911,,164869,0,,21128,392107,,61133,676938,,8849,464917,,20431,375565,,17223,417958,,34117,16170,,92924,523845,,20691,448653,,120373,718421,,232378,0,,17933,366655,,17933,366655,,122297,49455,,43235,595919,,227315,0,,9999,281927,,
HF17_10,26463,940393,,50341,385116,,29395,488304,,166382,442468,,6950,370207,,32054,417389,,9162,393583,,64304,16159,,11742,29047,,927100,222630,,98949,0,,937,289246,,282962,91074,,1657760,403799,,186515,0,,13429,443110,,23886,719561,,71745,484358,,8148,405102,,6685,465541,,575108,207707,,166810,605435,,86053,389157,,1211681,840297,,7302,0,,6466,618135,,6466,618135,,72002,28936,,29354,553833,,209491,0,,4141,350381,,
HF17_5,20067,908867,,73918,389018,,34559,510326,,61391,486552,,9511,385873,,57959,451035,,15901,415218,,67022,17188,,12549,32378,,964563,232239,,102619,0,,1574,302990,,163164,66611,,1707148,419241,,196310,0,,22005,487414,,41253,788131,,31255,581494,,9649,360032,,14187,513480,,360799,134880,,149261,619470,,80104,498642,,897310,922088,,12426,0,,13170,838030,,13170,838030,,190384,74148,,54925,602830,,229793,0,,8096,397959,,
LB16_0,27824,951369,,72725,395143,,50437,513815,,125106,500953,,12547,391539,,71675,457736,,14918,414497,,54133,14046,,10233,30435,,909528,218644,,96133,0,,1268,352634,,32715,31747,,1685991,416767,,194596,0,,22071,453358,,58048,767821,,10822,493955,,12797,311753,,16412,470722,,31656,15350,,107083,580718,,20585,484047,,112084,769644,,444431,0,,6297,140692,,6297,140692,,115421,46186,,39871,512700,,202087,0,,7602,266357,,
LB16_10,40734,956426,,108467,403999,,39092,520657,,63950,494136,,6894,394872,,51072,460550,,12601,424215,,96722,24217,,15536,31050,,972619,235175,,104561,0,,1295,314817,,270548,92889,,1778357,435333,,203292,0,,19572,480222,,49531,780720,,26594,491729,,9576,355421,,12119,505865,,460062,170813,,157635,599341,,142654,467216,,801708,886935,,7581,0,,9727,685339,,9727,685339,,71338,28645,,29648,495605,,187452,0,,6721,389327,,
LB16_5,35854,984934,,92531,419458,,36874,549525,,431247,516743,,7982,416383,,51875,479996,,13830,447040,,115930,29605,,18878,35195,,1046561,252922,,111504,0,,1117,331162,,182405,68897,,1609171,394516,,185017,0,,20945,515541,,44263,798560,,36263,519924,,8342,317943,,12171,548180,,390930,145835,,155252,640314,,96082,450314,,687390,927547,,15008,0,,11731,787831,,11731,787831,,131646,51770,,42054,536251,,198935,0,,7008,418533,,
LB17_0,42469,895171,,94213,376684,,59497,498179,,535234,494993,,15109,380136,,74458,446188,,17345,404265,,32350,8619,,7776,28794,,901809,216518,,94284,0,,1563,327239,,31106,30954,,1566562,386074,,183805,0,,22989,441507,,72791,778358,,10176,500292,,19137,398080,,19298,467332,,27011,14442,,118418,570932,,18689,490148,,104309,788354,,267034,0,,18703,382079,,18703,382079,,170065,68454,,52931,585258,,224522,0,,10063,307455,,
LB17_10,23574,893049,,51847,379477,,33399,493165,,57377,468287,,5688,372528,,43905,435768,,9963,401232,,65211,16598,,12814,30529,,938957,226607,,99836,0,,1012,309615,,169019,66913,,1719638,422587,,198038,0,,17057,465214,,30099,751414,,23063,549761,,6420,302688,,10659,489138,,298543,111439,,123435,587993,,82604,473004,,631170,876251,,6249,0,,9412,821380,,9412,821380,,128879,50873,,42315,573081,,217304,0,,5653,384394,,
LB17_5,24851,852839,,78343,359653,,29187,459663,,823768,428922,,6063,348031,,38231,393899,,10032,371177,,93589,23664,,15210,29315,,885785,212922,,92915,0,,1076,292786,,267131,87530,,1519220,372052,,174121,0,,13625,424437,,26109,668644,,165757,339686,,6151,278645,,7148,451241,,746985,269927,,211676,577818,,64535,322584,,1611909,805284,,9532,0,,8404,688850,,8404,688850,,117447,45772,,36047,475413,,180991,0,,4439,349835,,
LB7_0,30559,771411,,61842,306185,,50220,398024,,86859,384299,,13202,306938,,59316,361342,,16723,327886,,29429,7739,,6791,24656,,740027,177671,,77703,0,,939,267514,,45626,31365,,1256649,309492,,147202,0,,17591,362762,,47545,605648,,13463,336715,,13857,285528,,12240,382283,,42938,20650,,116631,474080,,5722,375012,,70176,628503,,279367,0,,16146,272540,,16146,272540,,237076,94387,,61845,471914,,178389,0,,7253,260242,,
LB7_10,44511,951355,,82729,391720,,34226,505082,,22341,459561,,8893,383166,,49642,447181,,13475,412893,,70486,18137,,14859,32380,,948309,228695,,100471,0,,1287,297030,,302614,101651,,1634538,400969,,189114,0,,17040,472519,,34623,743469,,219360,256872,,9234,330381,,9578,493241,,668497,246037,,203042,599267,,66014,349112,,1456065,849873,,22858,0,,10341,741342,,10341,741342,,113365,44382,,36979,493086,,187727,0,,5915,390069,,
LB7_5,48229,934810,,134070,370813,,29000,466922,,220138,418865,,8981,365988,,43732,430482,,12967,395088,,62628,15923,,11796,29961,,901129,216581,,94728,0,,1033,302627,,308396,98573,,1582828,386636,,180720,0,,15938,454610,,31836,684163,,232408,223262,,9228,337132,,8884,478227,,537658,195399,,163911,565517,,69932,303455,,918803,761064,,27461,0,,9412,630347,,9412,630347,,115737,45113,,34678,458574,,173879,0,,5693,377827,,
LF17_0,23956,841281,,61557,351546,,59618,468847,,225755,461804,,15664,356516,,90211,418578,,19152,378774,,29841,8143,,7297,27114,,841161,203037,,89517,0,,1269,301879,,34096,30895,,1507298,371473,,174964,0,,26790,414872,,70655,713190,,9996,452612,,17368,303857,,21653,442427,,28919,14306,,109746,535557,,19339,469992,,109382,772208,,277347,0,,20661,411157,,20661,411157,,172826,69314,,51694,566324,,217239,0,,12237,320168,,
LF17_10,16905,511558,,41816,214365,,16960,265405,,73937,246482,,3438,211324,,23609,245218,,5918,227247,,47500,12202,,8696,18178,,535907,127986,,57515,0,,849,169964,,136072,48423,,924739,226314,,106741,0,,9202,261678,,16316,416938,,21528,272795,,3461,167678,,5373,282626,,286563,105934,,93740,340187,,52488,247063,,636187,498676,,7242,0,,4573,385699,,4573,385699,,47710,19209,,18221,279266,,106010,0,,3233,227357,,
LF17_5,13842,419939,,25954,171996,,11781,181996,,13234,169014,,2982,141215,,17679,162080,,4523,150945,,27170,6692,,4940,12647,,405482,95887,,43360,0,,414,110898,,122844,40236,,762424,184003,,85410,0,,6535,165688,,14364,285598,,16111,211249,,4557,175585,,4392,189173,,244203,87783,,68573,262520,,47739,169244,,451964,321501,,5711,0,,2148,132358,,2148,132358,,44467,17520,,14814,221141,,83369,0,,2466,142514,,
HB18_0,2204,59718,,5531,23039,,2685,30154,,7513,29215,,929,25251,,3458,28599,,1178,26277,,1876,572,,624,1631,,50944,12083,,5540,0,,92,21379,,2199,2023,,73316,17747,,8458,0,,1200,23767,,3053,47318,,366,15386,,1075,25935,,929,31139,,2613,1173,,5231,30632,,1014,28722,,6503,46414,,6950,0,,216,5651,,216,5651,,7027,2851,,2340,30530,,11681,0,,597,23089,,
HB18_10,442,0,,78043,340918,,25014,487142,,47053,413202,,5470,378993,,32977,449176,,7636,412434,,73924,18692,,12952,27774,,887879,213509,,95522,0,,1169,348524,,169363,62933,,1413820,346424,,161847,0,,17431,481143,,20939,712335,,30788,517600,,5502,354859,,6303,500376,,432032,157695,,130175,524606,,68556,407698,,1081779,864960,,5505,0,,5884,665886,,5884,665886,,50319,20297,,21073,389071,,143818,0,,4119,389741,,
HB18_5,430,0,,54912,339762,,22553,474826,,45279,398236,,5959,368912,,33334,433684,,7902,400887,,79179,20031,,13416,28309,,873336,209595,,93664,0,,796,327775,,206104,70309,,1288763,314214,,146298,0,,16835,466085,,21627,691247,,48924,477491,,6316,338693,,6274,486300,,620195,222480,,159762,537193,,87405,388007,,1484725,863081,,6023,0,,6588,657845,,6588,657845,,50490,20363,,20800,396306,,150437,0,,4326,381026,,
HB8_0,425,0,,66607,296350,,57091,415922,,91299,411158,,17820,318717,,81389,374094,,24046,338837,,26399,7216,,6405,22461,,714309,171280,,74164,0,,1693,274855,,35162,27602,,1328950,326610,,152508,0,,27003,375933,,66214,645821,,9406,391348,,19464,302509,,18860,402209,,38294,16877,,80238,455435,,20445,432116,,103767,716570,,212499,0,,27354,473441,,27354,473441,,146956,59711,,44620,453901,,172677,0,,12066,309900,,
HB8_10,447,0,,58943,259323,,19998,323383,,262231,322417,,6271,264158,,29456,306376,,9646,281719,,48515,12252,,8746,20775,,648153,155718,,67363,0,,808,209852,,173427,57342,,1084606,263591,,123035,0,,13874,328019,,24006,519890,,24693,355053,,5620,235369,,6121,355248,,235568,86269,,86139,399765,,86872,325019,,441172,617463,,8118,0,,7072,539603,,7072,539603,,52569,21066,,19296,328875,,124731,0,,4402,293760,,
HB8_5,401,0,,64069,315550,,28484,449158,,66762,404177,,9289,345500,,42868,405762,,14793,374650,,69992,17766,,12074,25647,,809241,195465,,86372,0,,996,298181,,158305,55269,,1140578,277769,,130407,0,,19709,430629,,32802,666109,,33032,448819,,8182,297540,,9416,454750,,288343,105726,,116832,481586,,95438,377785,,507539,780190,,17532,0,,10525,651779,,10525,651779,,83637,32892,,26832,368377,,136031,0,,6382,354582,,
HF7_0,27872,710705,,64221,296450,,42715,413689,,86013,405112,,11898,318958,,51086,373690,,15740,339001,,26960,7132,,6469,22797,,710824,171401,,74474,0,,1116,272878,,34015,27778,,1379591,338828,,159604,0,,19825,373707,,42736,637378,,7257,409341,,12329,278463,,11118,400811,,38650,16829,,78089,458073,,15104,432995,,87185,704893,,385525,0,,18659,338862,,18659,338862,,180991,71971,,51179,507874,,192128,0,,7332,294906,,
HF7_10,21770,709342,,46514,292576,,26333,390941,,49890,335860,,7516,306551,,32743,359800,,12103,331567,,70454,17961,,11863,23545,,715020,172541,,75742,0,,740,253799,,210029,66034,,953449,230897,,107642,0,,16407,374922,,25905,554436,,137007,165560,,5766,230670,,7070,397244,,408482,148381,,141174,435109,,57572,248344,,637201,614367,,10314,0,,6842,499755,,6842,499755,,46452,18547,,17400,309121,,117058,0,,4564,315170,,
HF7_5,20757,781843,,72745,329681,,29309,444555,,53961,407245,,8612,338588,,39942,377233,,13795,358254,,88753,22489,,14572,27563,,804631,193468,,84603,0,,1249,283414,,318781,96936,,1376090,334292,,155033,0,,18439,406304,,36772,651968,,110630,332339,,7145,251076,,8359,430607,,625253,225767,,174564,512591,,112747,332084,,1239468,764141,,14258,0,,9394,638548,,9394,638548,,69621,27692,,24647,396396,,149895,0,,5531,340663,,
HF8_0,45975,759082,,84680,311350,,52114,446234,,189635,438273,,17007,341626,,64703,401299,,23515,363576,,26431,6890,,6287,24822,,757672,182369,,79581,0,,1429,290333,,17315,11714,,380816,93058,,44703,0,,24413,401427,,62198,680652,,13622,387463,,18202,331284,,17477,425696,,44064,19582,,93273,483489,,22996,436462,,128311,735203,,334801,0,,25468,406802,,25468,406802,,126832,50657,,39664,466488,,176410,0,,10748,302922,,
HF8_10,11029,315663,,25358,133605,,9332,156130,,22844,155994,,2918,129630,,12862,145928,,4883,135835,,25860,6638,,4644,10597,,329323,78482,,35413,0,,335,90432,,81562,28118,,525908,127808,,59747,0,,6858,156246,,11155,258304,,10500,157062,,2712,116855,,3129,171402,,172357,63672,,54864,206116,,42081,156602,,296097,301448,,4143,0,,2678,218784,,2678,218784,,22521,9184,,10029,183407,,69300,0,,2248,149300,,
HF8_5,17667,791939,,93139,322812,,26047,442029,,73929,398670,,8940,336684,,33998,386358,,13474,360153,,80880,20366,,13480,25986,,791703,190487,,84340,0,,961,291328,,291219,88309,,1208651,292555,,136242,0,,18117,413383,,35619,652286,,180423,268115,,8191,277683,,8934,441848,,794701,283652,,212213,524431,,98766,316570,,1555471,764885,,14217,0,,12711,655850,,12711,655850,,70567,27891,,24971,414380,,152460,0,,6040,346901,,
LB18_0,5359,52610,,4291,11315,,116,2,,1,0,,3,0,,30,45,,0,0,,307,91,,61,197,,3890,916,,561,0,,791,139,,376,269,,5132,1277,,610,0,,31,60,,26,40,,138,371,,7,3,,44,766,,38,37,,47,36,,44,43,,4,1,,229,0,,0,0,,18,52,,63,0,,142,114,,190,0,,25,5,,
LB18_10,10447,305539,,26460,131571,,9093,155474,,18309,154628,,1884,133247,,9990,136428,,2947,141083,,24888,6324,,4932,10736,,326589,77580,,37728,0,,264,107178,,77811,27482,,512024,124181,,58162,0,,137,0,,8447,258623,,8854,154222,,2523,140814,,41,0,,139360,50566,,45046,199032,,37086,157963,,270038,299131,,2288,0,,36,0,,1265,124196,,27093,10783,,10074,167513,,63334,0,,1714,144014,,
LB18_5,27991,773450,,62757,331603,,24197,447540,,45281,413081,,4419,347589,,29942,395673,,7965,371542,,90257,22669,,14978,28713,,841146,201991,,91977,0,,1101,292520,,222360,79080,,1398688,341758,,160520,0,,14321,392729,,19835,666500,,57838,379247,,5217,306714,,4793,415091,,593066,216217,,175348,517821,,83891,368114,,1333733,793758,,3541,0,,5387,495901,,5387,495901,,91090,35852,,28754,375042,,143147,0,,3509,357540,,
LB8_0,11354,299793,,29613,124882,,18713,158511,,35604,161103,,5973,128481,,24566,146735,,7798,133842,,10790,3034,,2751,9676,,309987,74446,,32477,0,,435,99740,,14675,11126,,512294,124897,,58880,0,,8478,147214,,22264,258306,,3222,141515,,5967,112102,,6193,169631,,16485,7364,,38100,198469,,6757,176298,,31799,298721,,121531,0,,9048,168378,,9048,168378,,75576,30291,,21332,200243,,75982,0,,4394,139642,,
LB8_10,35558,844073,,106881,350623,,32150,474210,,79450,432719,,7473,362616,,39513,419810,,12638,390467,,59984,15516,,11946,27364,,851103,204046,,90414,0,,1124,283439,,218286,74904,,1523554,371556,,173327,0,,19981,438416,,36399,712514,,28474,473308,,9703,407242,,9045,466632,,356799,130570,,126663,539894,,109752,416501,,630729,815051,,5763,0,,8113,605717,,8113,605717,,85692,34069,,30272,461913,,175258,0,,5396,348692,,
LB8_5,14392,402431,,34269,166713,,11837,196349,,26244,194482,,3404,164298,,17379,186068,,6037,173661,,32564,8364,,6165,13459,,409236,98015,,42999,0,,378,121345,,127583,41246,,699980,168748,,79042,0,,9353,200420,,12543,325133,,15724,209963,,3015,135115,,4247,222187,,228371,83143,,71097,259287,,59971,193128,,397925,386286,,5454,0,,4927,281240,,4927,281240,,44691,17728,,14911,215912,,81122,0,,2839,184630,,
LF18_0,21076,713216,,82977,297021,,44499,424268,,78505,415575,,9919,324848,,60487,382190,,12012,346542,,29412,7743,,6668,22892,,730032,176194,,78013,0,,1054,281203,,28665,26198,,1333772,326967,,154220,0,,23490,384514,,51528,652835,,7185,415811,,13181,316869,,15179,410952,,25088,11847,,86590,468275,,14919,444511,,77546,729588,,210686,0,,19612,470583,,19612,470583,,123594,50239,,39536,482951,,185247,0,,8683,312639,,
LF18_10,18925,732187,,63027,304192,,23888,424873,,45918,396148,,5598,324892,,37200,378388,,10883,350350,,61334,15533,,11465,24546,,763507,183672,,83017,0,,1159,268066,,253605,81036,,1408550,341870,,157892,0,,17557,400140,,25986,634955,,43771,438539,,6011,272878,,7945,423341,,440156,159364,,128973,481960,,94921,385280,,1052711,763900,,8023,0,,7830,675036,,7830,675036,,83256,32731,,27669,408685,,154877,0,,4757,340428,,
LF18_5,17342,708237,,67278,297275,,24986,406740,,133029,373560,,6025,310523,,36723,355197,,10941,333347,,64710,16374,,12048,24599,,741838,178635,,80002,0,,1237,246445,,217167,69232,,1159936,281946,,130928,0,,16797,380134,,28187,603586,,54515,406216,,6361,251178,,7562,405971,,450138,162874,,131938,469630,,92385,343211,,998991,721555,,10212,0,,8410,635655,,8410,635655,,85293,33497,,26643,365020,,138864,0,,4750,323221,,
LF7_0,13872,450632,,32241,190554,,28121,211489,,50401,224332,,11331,180125,,43801,204689,,14974,186370,,16161,4311,,3803,14062,,445793,106400,,47460,0,,798,145133,,17696,16012,,848418,207884,,97130,0,,15561,208522,,38382,346277,,4089,251435,,13349,182224,,11592,227459,,18027,7977,,44879,291186,,11443,228912,,63436,366117,,278678,0,,3740,52945,,3740,52945,,79467,31706,,25329,300003,,117366,0,,5942,132079,,
LF7_10,13726,436183,,26228,181839,,14384,215652,,29799,217769,,6084,178166,,25847,203241,,8855,187653,,30544,8165,,6260,14568,,445324,107030,,47130,0,,425,143803,,140933,45844,,812742,196966,,91611,0,,11181,216032,,20275,348643,,17646,221237,,4517,132972,,6039,238657,,240462,87238,,72582,277230,,50929,213212,,561011,419466,,10826,0,,4842,272519,,4842,272519,,30234,12108,,11962,225778,,85378,0,,4425,197160,,
LF7_5,13331,365984,,48870,151691,,12950,176827,,50587,180366,,4754,145317,,21248,163434,,7425,152126,,38605,9959,,6628,12541,,371491,88486,,39033,0,,418,108840,,115094,37513,,627111,151957,,71514,0,,9228,175165,,19545,282905,,23715,146189,,3962,108774,,5235,196878,,259085,94503,,77979,232394,,42411,155093,,528203,340735,,13058,0,,4203,207408,,4203,207408,,32770,13058,,11685,182947,,69063,0,,3855,163787,,
LF8_0,33871,724872,,78538,299131,,57479,433254,,369473,427820,,17831,331016,,75889,388454,,25102,351833,,29242,7847,,6701,23352,,736839,177059,,77080,0,,1450,291216,,44118,29617,,1307098,321328,,150391,0,,24901,383903,,64145,657120,,14026,369685,,18747,304190,,16776,408833,,58663,24204,,91341,469333,,20550,413403,,119784,693740,,338854,0,,18488,337538,,18488,337538,,173087,68390,,48263,471841,,178798,0,,10149,282208,,
LF8_10,23982,882284,,63827,375038,,23409,517854,,53954,486467,,5847,397233,,32159,464910,,9491,429041,,53102,14040,,11832,30314,,927841,222736,,124523,0,,685,334161,,226019,79962,,1763296,430715,,200897,0,,18522,492926,,25408,775335,,30637,555034,,5604,354475,,6543,523503,,382817,138105,,131920,588124,,105235,470844,,771625,918582,,10033,0,,7599,829396,,7599,829396,,86247,34417,,31163,517341,,195503,0,,4141,413382,,
LF8_5,25617,851316,,107147,361602,,24904,495155,,62374,462589,,6724,381453,,33388,446389,,10831,411581,,64303,16453,,11654,28601,,886929,213687,,93543,0,,728,324107,,269214,87534,,1584767,386300,,179550,0,,18602,473867,,27220,740308,,47321,516166,,6671,340330,,7391,505855,,523844,190639,,156672,565223,,133500,444308,,1091418,876122,,13273,0,,13055,761275,,13055,761275,,107140,41960,,33909,458277,,173599,0,,4670,389407,,
HB9_0,12274,194587,,18680,77426,,10421,72949,,43083,77212,,3288,65853,,13466,71501,,3878,65562,,6562,1786,,1684,5722,,177016,42042,,18737,0,,282,48872,,12127,7262,,246667,60160,,28555,0,,3658,67801,,12243,123440,,2423,53400,,3879,71582,,3263,83901,,18150,7875,,26618,110355,,3923,72678,,15910,125160,,67929,0,,1851,32179,,1851,32179,,21879,8822,,7268,92436,,34796,0,,2053,61300,,
HB9_5,11801,382514,,24636,152319,,8675,175492,,17145,178971,,2692,146040,,11431,166248,,3918,154240,,27161,7189,,5237,12529,,374242,89637,,39664,0,,378,118307,,110410,36520,,617414,149238,,69442,0,,5262,175970,,10308,291230,,13054,170224,,2661,141413,,2749,194831,,178317,64809,,55712,231385,,55254,173240,,286995,331319,,5421,0,,3280,204365,,3280,204365,,31114,12409,,10930,178203,,67350,0,,1955,162760,,
LB9_0,32817,840795,,66619,345417,,65491,467702,,392648,465386,,15523,357038,,83478,417711,,21076,379469,,28351,7795,,7214,29300,,837882,200166,,88820,0,,1305,296528,,37495,31764,,1417618,349413,,163619,0,,22988,415340,,68360,711962,,11250,413005,,19345,375795,,17624,442758,,39240,18485,,112038,533038,,16617,452864,,87928,741575,,415791,0,,19547,350501,,19547,350501,,152949,60996,,46746,488159,,185332,0,,9784,298356,,
LB9_10,32392,995035,,49784,419549,,17412,541729,,28748,509171,,3791,410751,,26467,482196,,7231,441701,,43989,11605,,10689,32231,,1004689,240906,,107049,0,,701,317217,,163998,67909,,1878427,461763,,215234,0,,13379,497566,,20225,818117,,18235,550927,,4778,468464,,4805,526382,,345360,127340,,139813,626138,,86787,517924,,769237,937155,,9138,0,,5145,725279,,5145,725279,,116597,46489,,39629,541217,,206063,0,,3193,408895,,
LB9_5,24607,935841,,51280,381634,,15223,500396,,28712,451513,,3182,381350,,17055,434587,,4884,406109,,62449,16180,,12747,31056,,948038,227843,,101783,0,,703,321774,,392497,119880,,1818186,443027,,204312,0,,10432,468697,,15721,747488,,334437,200050,,3785,363532,,3156,501166,,1142453,409556,,268256,638200,,76139,329870,,2503377,898056,,14513,0,,4391,720339,,4391,720339,,93715,36961,,31443,509229,,193246,0,,2442,401763,,
LF9_0,36702,829560,,46899,327882,,77259,423813,,86294,416113,,24580,327562,,99911,381281,,33424,346085,,31674,8748,,7670,26365,,766526,183203,,81546,0,,1629,286614,,30104,27999,,1369560,336198,,158094,0,,29271,380301,,95511,648434,,10261,375872,,28271,325681,,25633,404283,,32777,15172,,97943,492283,,23586,408504,,107807,677706,,382673,0,,21964,271207,,21964,271207,,123325,49209,,38964,457199,,174048,0,,14486,262695,,
LF9_10,13549,412953,,20718,173003,,7676,221365,,34198,214025,,1974,170478,,9804,199266,,2998,183135,,25397,6774,,5905,13954,,407638,97022,,43213,0,,363,143247,,90251,32856,,673603,163843,,76622,0,,5103,200566,,8535,340912,,10368,165680,,2066,173508,,1962,218485,,207305,76604,,69773,249877,,38817,201133,,460812,377480,,3984,0,,1489,216336,,1489,216336,,32694,13124,,12327,193051,,73061,0,,1452,176419,,
LF9_5,10422,426301,,18288,177144,,6003,203266,,32055,207959,,1732,166429,,8425,189631,,2473,175419,,31146,8229,,6388,14432,,428363,102113,,45563,0,,218,133960,,121186,40338,,775482,188688,,87284,0,,4885,201992,,7591,330036,,16175,199291,,1678,149208,,1768,226521,,254269,91801,,72876,268683,,46739,196177,,529435,383100,,8020,0,,1565,232063,,1565,232063,,38494,15167,,13288,208930,,78682,0,,1381,182709,,
HB10_0,23584,386644,,47435,151155,,28926,177676,,28408,182298,,7734,143736,,36894,165977,,10141,150982,,16043,4370,,3624,11441,,353782,84083,,37317,0,,732,116823,,16975,12288,,521713,127529,,59460,0,,10102,164918,,30114,289139,,5988,123034,,9270,158570,,8067,187332,,24809,11219,,48155,221439,,6215,175857,,52442,310803,,73765,0,,11133,182775,,11133,182775,,59379,23808,,17745,197751,,74592,0,,5213,149692,,
HB10_10,35426,769123,,54114,327305,,15670,432948,,17925,420358,,3278,331887,,15254,395209,,4655,360894,,44294,11753,,10138,26382,,814689,193633,,85857,0,,747,292152,,189056,71236,,1637614,401000,,187116,0,,9481,412440,,15469,683969,,11083,464757,,3824,361462,,3076,436071,,241994,91527,,94849,503424,,101167,443558,,365191,756880,,1745,0,,3415,568871,,3415,568871,,63950,25708,,25624,482111,,183559,0,,1884,346395,,
HB10_5,9360,318682,,25078,130417,,3835,139348,,4648,136302,,803,109036,,4347,124560,,1104,115213,,18303,4745,,3787,10035,,302553,71517,,31720,0,,161,78072,,84412,27735,,489965,118595,,55016,0,,2711,127286,,3557,223843,,9104,136760,,1289,141044,,737,146186,,160500,58221,,45971,189460,,40043,137192,,263477,245801,,2617,0,,559,105337,,559,105337,,22722,9014,,8527,146540,,55432,0,,613,120652,,
HB14_0,12970,442257,,37101,177973,,18875,200723,,29987,193008,,6375,173608,,32399,200207,,8130,181510,,12399,3357,,3267,13384,,417994,99949,,44091,0,,661,139992,,19280,15315,,715373,174098,,81704,0,,9418,204285,,23389,350664,,6090,211256,,7326,194025,,7307,221761,,19232,8760,,49523,272215,,6633,221450,,47161,362703,,192023,0,,6511,133213,,6511,133213,,84976,34464,,25027,246706,,94027,0,,4081,146253,,
HB19_0,33266,868565,,90217,355195,,59977,478899,,152949,469912,,14812,363225,,76061,427631,,21870,387823,,21113,5834,,6076,26192,,859449,205840,,90556,0,,1771,327099,,43229,31071,,1450858,355843,,165880,0,,24741,433987,,76171,744425,,9519,513519,,20907,420803,,19661,464739,,61276,25040,,104331,562310,,19096,520186,,105827,827297,,86286,0,,28018,652145,,28018,652145,,32118,14290,,23794,557644,,211948,0,,11309,351892,,
HB19_10,26362,806989,,45180,330559,,33922,433409,,50490,406779,,6301,331327,,42182,386392,,11525,357065,,68872,17210,,11471,26552,,820275,197020,,87841,0,,915,287403,,211187,70036,,1252800,304913,,141583,0,,16061,409299,,31577,661997,,35646,417746,,8769,351078,,9390,433054,,425470,155635,,149934,524395,,97925,382218,,834930,764530,,3137,0,,8414,649789,,8414,649789,,67878,27153,,27300,455026,,172385,0,,5388,343881,,
HB19_5,18731,1068965,,63441,421430,,39058,542817,,31382,476873,,11461,414875,,69079,477680,,22755,445417,,74671,18274,,12446,32068,,1018343,243594,,110243,0,,1678,334330,,228215,76455,,1597031,385629,,174391,0,,24166,485915,,52553,796076,,251034,243635,,16594,493220,,15816,521894,,609850,217534,,218129,663928,,39615,352347,,1293648,859499,,9939,0,,8781,466504,,8781,466504,,237504,91043,,58622,557688,,210456,0,,7682,353051,,
HB20_0,21935,489519,,67304,191842,,30132,202189,,29353,203307,,10536,176065,,40378,200205,,13245,183204,,12552,3428,,3503,14510,,452516,107549,,47879,0,,783,134663,,17396,14346,,657913,160927,,76041,0,,12005,189722,,38978,341794,,6218,199104,,15509,230852,,11418,212896,,22917,10349,,66657,295561,,8306,201832,,58960,331624,,55547,0,,9729,162408,,9729,162408,,66454,26480,,20948,267649,,101497,0,,6284,145144,,
HB20_10,21177,650331,,126709,262558,,22909,348184,,34061,317054,,5184,265223,,21159,301266,,6978,283060,,55488,14042,,10295,22240,,658130,157537,,69482,0,,1579,222876,,219587,69159,,1071055,259901,,120733,0,,9463,322747,,35139,526158,,38344,346410,,7203,292798,,4333,342994,,461225,166731,,131411,430181,,85915,300791,,987446,627811,,1883,0,,7491,518725,,7491,518725,,63516,25201,,22239,348560,,132200,0,,3405,285113,,
HB20_5,22595,606994,,43922,243043,,22352,318470,,50421,291941,,5873,241935,,28226,279589,,8445,260322,,49676,12711,,9293,20173,,593246,141282,,62491,0,,776,204480,,199713,62699,,874495,212680,,99951,0,,10021,290990,,25202,466611,,104505,180832,,7197,245503,,5787,311011,,463879,167998,,143695,383750,,58349,222920,,864794,538078,,4204,0,,6659,468125,,6659,468125,,74255,29116,,22701,282624,,104357,0,,3832,249635,,
HB5_0,28450,841733,,82200,331099,,54681,425700,,65783,421695,,26391,330715,,83267,387116,,34580,350405,,21417,5882,,6027,24734,,786207,189052,,83249,0,,2277,285390,,35079,30053,,1495973,367808,,172571,0,,22802,395931,,75166,676551,,10527,446513,,25204,345747,,21847,421562,,38932,16976,,93089,514185,,16919,451406,,133417,739716,,234832,0,,29651,435364,,29651,435364,,171596,68298,,49887,528546,,200999,0,,13275,298556,,
HB9_10,29841,808512,,58767,334487,,24040,436236,,24484,413441,,4999,332739,,24447,388119,,8475,358233,,94299,24327,,15762,30075,,832010,200202,,89065,0,,930,274583,,194011,69689,,1346760,329208,,155035,0,,12162,411201,,21499,662713,,38169,393550,,5240,334257,,4949,436586,,408624,151940,,142531,513091,,98748,383154,,876501,769722,,2824,0,,6038,594194,,6038,594194,,71059,28421,,25239,375505,,143000,0,,3342,350656,,
HF14_0,33247,794163,,78050,318568,,37360,424432,,63556,418759,,12226,325143,,46421,381857,,14707,346445,,28278,7468,,6526,24511,,774651,186424,,82722,0,,1198,285052,,37028,29323,,1348980,330034,,155807,0,,16002,394668,,40849,672641,,10281,433025,,12027,326182,,11928,417198,,37748,16740,,85207,502838,,14725,451095,,89041,730013,,198575,0,,22411,459763,,22411,459763,,165345,66854,,48305,483890,,183824,0,,7474,297660,,
HF18_0,23295,857383,,137341,349497,,50672,469672,,222024,465974,,20087,358147,,66781,420344,,25199,381127,,23249,6532,,6432,27443,,854383,205608,,91661,0,,2004,307972,,33463,31194,,1588972,389445,,182796,0,,22326,434699,,65393,742536,,10046,531213,,20096,355434,,19221,460592,,32993,15301,,94561,564042,,21277,515107,,134223,818698,,268474,0,,26103,510869,,26103,510869,,166793,67769,,54091,611763,,233220,0,,11457,325115,,
HF18_10,12034,820065,,46889,322991,,21732,429320,,146887,412793,,5729,331296,,25985,386674,,7783,358492,,119716,29550,,16746,26981,,816346,195391,,86954,0,,958,314616,,240436,76567,,1307222,318720,,147501,0,,11079,411861,,20211,668148,,40983,429664,,5194,325797,,5095,442098,,482080,173437,,144661,511073,,110367,400890,,1141602,780910,,3420,0,,6059,622758,,6059,622758,,62777,25570,,25521,425419,,162062,0,,3666,329157,,
HF18_5,7811,535159,,60008,220096,,11421,282581,,132271,255486,,3926,218710,,14717,249931,,5173,235500,,43216,10717,,7468,17889,,553303,132615,,58759,0,,670,181557,,151498,49311,,863323,209259,,97338,0,,7196,269623,,13368,424920,,35008,271623,,3412,192628,,3137,294028,,375369,135651,,110596,351484,,53009,234567,,821552,502492,,6759,0,,4179,406808,,4179,406808,,49094,19530,,17948,272728,,105154,0,,2495,233394,,
LB13_0,24199,849213,,72207,347290,,35705,465369,,65445,456471,,9919,355269,,47319,417090,,12109,377936,,29634,7894,,7166,26876,,852172,204242,,89367,0,,1431,311643,,35157,31861,,1605798,395565,,186402,0,,16332,430160,,38950,735755,,8112,505991,,11184,376141,,10883,452026,,31945,14553,,80608,537044,,13476,488671,,71305,781483,,275151,0,,17126,443330,,17126,443330,,173385,71076,,52080,536298,,202728,0,,6437,304876,,
LB14_0,21717,893644,,140804,369846,,44546,493714,,957561,503561,,11969,376058,,60540,441990,,13635,400717,,30256,8264,,7527,28374,,899487,215588,,94714,0,,2035,333036,,27881,30954,,1612862,397718,,187300,0,,19378,456661,,72898,778766,,11006,525276,,14669,399909,,14706,479445,,16073,8787,,101468,567059,,12179,513432,,83624,837032,,244298,0,,21475,478176,,21475,478176,,129286,51774,,41424,515425,,197716,0,,8428,323085,,
LB15_0,20140,868037,,107772,354864,,46793,476150,,86256,463786,,13898,360935,,80961,423888,,16758,383129,,22653,6109,,6329,28624,,850547,205894,,90249,0,,1138,312863,,27736,30327,,1541787,378121,,179260,0,,20344,429162,,53903,733475,,8079,485399,,16960,396344,,15071,452904,,19508,10133,,91931,544992,,10943,487520,,92613,781948,,388065,0,,18427,382754,,18427,382754,,145764,58585,,46457,512470,,196541,0,,8215,289601,,
LB19_0,23880,865923,,66723,341215,,86382,453817,,78603,440746,,20348,345304,,135490,406730,,33811,368532,,21008,5710,,5917,25060,,813215,194518,,86117,0,,1796,300488,,38820,28374,,1281846,314125,,147496,0,,37900,409429,,106143,701527,,8316,462635,,32462,413173,,30911,435963,,50497,20899,,97620,529735,,19778,472106,,121058,764708,,105278,0,,34223,544977,,34223,544977,,97259,39779,,35167,526220,,201406,0,,16494,321787,,
LB19_10,27050,941780,,81618,384365,,47597,498297,,106067,445512,,11307,379503,,72998,435468,,20919,408110,,55174,14010,,11620,30529,,940047,224279,,103062,0,,1380,300418,,273483,87903,,1505771,367667,,170282,0,,21032,456878,,48952,741814,,80668,428584,,18301,447356,,15561,486456,,609575,220404,,199152,617022,,80134,390374,,1256329,864112,,3761,0,,12514,631731,,12514,631731,,73427,29363,,29176,505578,,191819,0,,8859,368559,,
LB19_5,14010,820599,,55165,338425,,34541,438443,,18874,405849,,9341,339736,,63235,396057,,22378,364916,,47398,12017,,9248,26838,,831805,199775,,88774,0,,1500,283314,,225574,74444,,1430854,348156,,161025,0,,21490,418206,,40691,670248,,24499,497161,,12516,368652,,15809,445047,,379997,137579,,122152,525721,,119038,419542,,830612,790489,,8197,0,,13622,701642,,13622,701642,,82489,32685,,27744,423769,,160511,0,,8791,355008,,
LB20_0,36372,834524,,88854,307510,,62536,407289,,50579,394956,,15373,310504,,81400,365803,,18312,332526,,20629,5579,,5607,22965,,735448,176884,,78291,0,,1388,273137,,26349,22994,,1099600,269946,,127436,0,,24802,375369,,67989,643093,,10944,362742,,22863,378309,,19537,399651,,30490,14090,,104987,484303,,14637,409558,,108317,699319,,93940,0,,33334,513058,,33334,513058,,99463,39786,,33249,461540,,179063,0,,11858,298056,,
LB20_10,16424,410782,,42687,167406,,12627,219918,,9341,202441,,3419,168388,,18784,196486,,5224,182117,,19078,4939,,5189,13336,,408129,96574,,42667,0,,769,141909,,72000,27251,,673028,163114,,75565,0,,7222,201304,,14144,336499,,11035,205807,,4173,181689,,4230,219416,,136570,49994,,53980,260927,,34542,193086,,319617,379382,,1893,0,,3410,258612,,3410,258612,,71691,27927,,20517,260624,,98492,0,,2792,183048,,
LB20_5,16694,474849,,31473,190779,,12119,201612,,8076,192630,,3691,171211,,20353,187674,,4504,177436,,25327,6427,,5908,14936,,457359,108558,,48014,0,,562,123483,,102704,35767,,700846,170616,,79416,0,,7306,202727,,15345,329910,,38148,197708,,5284,198196,,4039,223694,,256118,92806,,81421,289853,,32506,175087,,544318,390015,,4989,0,,4129,272976,,4129,272976,,65928,25809,,19587,236706,,87282,0,,2900,186128,,
LF19_0,40090,852868,,77295,313057,,69589,422153,,58032,409805,,14919,324152,,91769,381588,,23286,346000,,31615,8661,,7703,24378,,767399,183745,,81069,0,,1332,292358,,33084,25483,,1124894,275773,,129640,0,,27668,380233,,75846,652260,,8104,385936,,24992,395106,,21519,407500,,38376,16392,,95703,482176,,18471,421934,,92633,702865,,66267,0,,30733,520824,,30733,520824,,115887,46497,,35493,457479,,174094,0,,12213,300120,,
LF19_10,25269,938186,,62971,377801,,39817,499828,,35724,456739,,9912,378561,,55379,440187,,19338,407405,,68124,17456,,13542,32702,,936071,224569,,100123,0,,1196,293871,,290851,92576,,1452861,353750,,164518,0,,20179,469304,,42798,748810,,229311,216628,,13369,398474,,13916,497827,,608090,220184,,204457,618521,,53923,349639,,1139629,854823,,3665,0,,12733,766583,,12733,766583,,105486,41577,,35870,521076,,197953,0,,8394,407981,,
LF19_5,27006,850330,,69590,352779,,48655,466932,,77272,426018,,12324,357226,,80378,410834,,23841,382613,,58630,15211,,12363,28582,,870628,208646,,92876,0,,1832,318350,,312097,97405,,1498719,365259,,168749,0,,24084,434457,,55963,691632,,57808,465847,,16533,351834,,17842,464227,,573776,207521,,169559,556858,,116319,386162,,1149779,811299,,6948,0,,16672,707758,,16672,707758,,68833,27760,,26723,474463,,179813,0,,10195,367212,,
